TIME/DELAY,ACTION/COMMENT,COMMAND,BYTE 0,BYTE_1,BYTE_2,BYTE_3,BYTE_4,BYTE_5,BYTE_6,BYTE_7,BYTE_8,BYTE_9,ARG_0,ARG_1,ARG_2,ARG_3,ARG_4,ARG_5,Hex-DATA1,Hex-DATA2,Hex-DATA3
2023-12-16T20:00:00,Send_Command-Nadir_Point,ADCS_ATT_CTL_POINT_NADIR,0,0x10,0xA0,0x13,0x00,0x00,0x00,0x00,0x00,0x00,0x00,0x00,0x02,0x00,0x00,0x00,0x00,
60,Send_Command-Payload_ON ,POWER_ON_PAYLOAD,0,0x20,0xA1,0x04,0x0,0x00,0x00,0x00,0x00,0x31,0x99,,,,,,,
2023-12-16 20:18:00,Send_Command-Payload OFF ,POWER_OFF_PAYLOAD,0,0x20,0xA0,0x04,0x0,0x00,0x00,0x00,0x00,0x89,0xF8,,,,,,,
2023-12-16 20:18:00,Eclipse
2023-12-16T20:52:00,Send_Command-Nadir_Point,ADCS_ATT_CTL_POINT_NADIR,0,0x10,0xA0,0x13,0x00,0x00,0x00,0x00,0x00,0x00,0x00,0x00,0x02,0x00,0x00,0x00,0x00,
60,Send_Command-Payload_ON ,POWER_ON_PAYLOAD,0,0x20,0xA1,0x04,0x0,0x00,0x00,0x00,0x00,0x31,0x99,,,,,,,
2023-12-16T21:23:30,Send_Command-Payload OFF ,POWER_OFF_PAYLOAD,0,0x20,0xA0,0x04,0x0,0x00,0x00,0x00,0x00,0x89,0xF8,,,,,,,
 Ground_Station Pass-New_Zealand 2023-12-16 21:23:51Z 2023-12-16 21:31:35Z 
2023-12-16 21:23:51,Send_Command-Data_Downlink ,ADCS_ATT_CTL_POINT_LLA,0,0x10,0xA0,0x16,0x00,0x00,0x00,0x00,0x00,0x00,0x00,0x00,0x00,0x00,0x00,0x00 ,379a23c2,d1e22e43,5ec10149
2023-12-16T21:32:00,Send_Command-Nadir_Point,ADCS_ATT_CTL_POINT_NADIR,0,0x10,0xA0,0x13,0x00,0x00,0x00,0x00,0x00,0x00,0x00,0x00,0x02,0x00,0x00,0x00,0x00,
60,Send_Command-Payload_ON ,POWER_ON_PAYLOAD,0,0x20,0xA1,0x04,0x0,0x00,0x00,0x00,0x00,0x31,0x99,,,,,,,
2023-12-16 21:53:00,Send_Command-Payload OFF ,POWER_OFF_PAYLOAD,0,0x20,0xA0,0x04,0x0,0x00,0x00,0x00,0x00,0x89,0xF8,,,,,,,
2023-12-16 21:53:00,Eclipse
2023-12-16T22:27:00,Send_Command-Nadir_Point,ADCS_ATT_CTL_POINT_NADIR,0,0x10,0xA0,0x13,0x00,0x00,0x00,0x00,0x00,0x00,0x00,0x00,0x02,0x00,0x00,0x00,0x00,
60,Send_Command-Payload_ON ,POWER_ON_PAYLOAD,0,0x20,0xA1,0x04,0x0,0x00,0x00,0x00,0x00,0x31,0x99,,,,,,,
2023-12-16T22:57:30,Send_Command-Payload OFF ,POWER_OFF_PAYLOAD,0,0x20,0xA0,0x04,0x0,0x00,0x00,0x00,0x00,0x89,0xF8,,,,,,,
 Ground_Station Pass-New_Zealand 2023-12-16 22:57:12Z 2023-12-16 23:06:10Z 
2023-12-16 22:57:12,Send_Command-Data_Downlink ,ADCS_ATT_CTL_POINT_LLA,0,0x10,0xA0,0x16,0x00,0x00,0x00,0x00,0x00,0x00,0x00,0x00,0x00,0x00,0x00,0x00 ,379a23c2,d1e22e43,243d0149
2023-12-16T23:07:00,Send_Command-Nadir_Point,ADCS_ATT_CTL_POINT_NADIR,0,0x10,0xA0,0x13,0x00,0x00,0x00,0x00,0x00,0x00,0x00,0x00,0x02,0x00,0x00,0x00,0x00,
60,Send_Command-Payload_ON ,POWER_ON_PAYLOAD,0,0x20,0xA1,0x04,0x0,0x00,0x00,0x00,0x00,0x31,0x99,,,,,,,
2023-12-16 23:28:00,Send_Command-Payload OFF ,POWER_OFF_PAYLOAD,0,0x20,0xA0,0x04,0x0,0x00,0x00,0x00,0x00,0x89,0xF8,,,,,,,
2023-12-16 23:28:00,Eclipse
2023-12-17T00:03:00,Send_Command-Nadir_Point,ADCS_ATT_CTL_POINT_NADIR,0,0x10,0xA0,0x13,0x00,0x00,0x00,0x00,0x00,0x00,0x00,0x00,0x02,0x00,0x00,0x00,0x00,
60,Send_Command-Payload_ON ,POWER_ON_PAYLOAD,0,0x20,0xA1,0x04,0x0,0x00,0x00,0x00,0x00,0x31,0x99,,,,,,,
2023-12-17 01:03:00,Send_Command-Payload OFF ,POWER_OFF_PAYLOAD,0,0x20,0xA0,0x04,0x0,0x00,0x00,0x00,0x00,0x89,0xF8,,,,,,,
2023-12-17 01:03:00,Eclipse
2023-12-17T01:38:00,Send_Command-Nadir_Point,ADCS_ATT_CTL_POINT_NADIR,0,0x10,0xA0,0x13,0x00,0x00,0x00,0x00,0x00,0x00,0x00,0x00,0x02,0x00,0x00,0x00,0x00,
60,Send_Command-Payload_ON ,POWER_ON_PAYLOAD,0,0x20,0xA1,0x04,0x0,0x00,0x00,0x00,0x00,0x31,0x99,,,,,,,
2023-12-17T01:47:30,Send_Command-Payload OFF ,POWER_OFF_PAYLOAD,0,0x20,0xA0,0x04,0x0,0x00,0x00,0x00,0x00,0x89,0xF8,,,,,,,
 Ground_Station Pass-Seoul 2023-12-17 01:47:22Z 2023-12-17 01:56:03Z 
2023-12-17 01:47:22,Send_Command-Data_Downlink ,ADCS_ATT_CTL_POINT_LLA,0,0x10,0xA0,0x16,0x00,0x00,0x00,0x00,0x00,0x00,0x00,0x00,0x00,0x00,0x00,0x00 ,25351642,cdfbfd42,c5deff48
2023-12-17T01:57:00,Send_Command-Nadir_Point,ADCS_ATT_CTL_POINT_NADIR,0,0x10,0xA0,0x13,0x00,0x00,0x00,0x00,0x00,0x00,0x00,0x00,0x02,0x00,0x00,0x00,0x00,
60,Send_Command-Payload_ON ,POWER_ON_PAYLOAD,0,0x20,0xA1,0x04,0x0,0x00,0x00,0x00,0x00,0x31,0x99,,,,,,,
2023-12-17 02:38:00,Send_Command-Payload OFF ,POWER_OFF_PAYLOAD,0,0x20,0xA0,0x04,0x0,0x00,0x00,0x00,0x00,0x89,0xF8,,,,,,,
2023-12-17 02:38:00,Eclipse
2023-12-17T03:13:00,Send_Command-Nadir_Point,ADCS_ATT_CTL_POINT_NADIR,0,0x10,0xA0,0x13,0x00,0x00,0x00,0x00,0x00,0x00,0x00,0x00,0x02,0x00,0x00,0x00,0x00,
60,Send_Command-Payload_ON ,POWER_ON_PAYLOAD,0,0x20,0xA1,0x04,0x0,0x00,0x00,0x00,0x00,0x31,0x99,,,,,,,
2023-12-17T03:22:30,Send_Command-Payload OFF ,POWER_OFF_PAYLOAD,0,0x20,0xA0,0x04,0x0,0x00,0x00,0x00,0x00,0x89,0xF8,,,,,,,
 Ground_Station Pass-Seoul 2023-12-17 03:22:02Z 2023-12-17 03:29:17Z 
2023-12-17 03:22:02,Send_Command-Data_Downlink ,ADCS_ATT_CTL_POINT_LLA,0,0x10,0xA0,0x16,0x00,0x00,0x00,0x00,0x00,0x00,0x00,0x00,0x00,0x00,0x00,0x00 ,25351642,cdfbfd42,21f0ff48
2023-12-17T03:30:00,Send_Command-Nadir_Point,ADCS_ATT_CTL_POINT_NADIR,0,0x10,0xA0,0x13,0x00,0x00,0x00,0x00,0x00,0x00,0x00,0x00,0x02,0x00,0x00,0x00,0x00,
60,Send_Command-Payload_ON ,POWER_ON_PAYLOAD,0,0x20,0xA1,0x04,0x0,0x00,0x00,0x00,0x00,0x31,0x99,,,,,,,
2023-12-17 04:13:00,Send_Command-Payload OFF ,POWER_OFF_PAYLOAD,0,0x20,0xA0,0x04,0x0,0x00,0x00,0x00,0x00,0x89,0xF8,,,,,,,
2023-12-17 04:13:00,Eclipse
2023-12-17T04:48:00,Send_Command-Nadir_Point,ADCS_ATT_CTL_POINT_NADIR,0,0x10,0xA0,0x13,0x00,0x00,0x00,0x00,0x00,0x00,0x00,0x00,0x02,0x00,0x00,0x00,0x00,
60,Send_Command-Payload_ON ,POWER_ON_PAYLOAD,0,0x20,0xA1,0x04,0x0,0x00,0x00,0x00,0x00,0x31,0x99,,,,,,,
2023-12-17T05:03:30,Send_Command-Payload OFF ,POWER_OFF_PAYLOAD,0,0x20,0xA0,0x04,0x0,0x00,0x00,0x00,0x00,0x89,0xF8,,,,,,,
 Ground_Station Pass-Bangalore 2023-12-17 05:03:59Z 2023-12-17 05:12:59Z 
2023-12-17 05:03:59,Send_Command-Data_Downlink ,ADCS_ATT_CTL_POINT_LLA,0,0x10,0xA0,0x16,0x00,0x00,0x00,0x00,0x00,0x00,0x00,0x00,0x00,0x00,0x00,0x00 ,ac8b4f41,6f309b42,15a2fd48
2023-12-17T05:13:00,Send_Command-Nadir_Point,ADCS_ATT_CTL_POINT_NADIR,0,0x10,0xA0,0x13,0x00,0x00,0x00,0x00,0x00,0x00,0x00,0x00,0x02,0x00,0x00,0x00,0x00,
60,Send_Command-Payload_ON ,POWER_ON_PAYLOAD,0,0x20,0xA1,0x04,0x0,0x00,0x00,0x00,0x00,0x31,0x99,,,,,,,
2023-12-17 05:48:00,Send_Command-Payload OFF ,POWER_OFF_PAYLOAD,0,0x20,0xA0,0x04,0x0,0x00,0x00,0x00,0x00,0x89,0xF8,,,,,,,
2023-12-17 05:48:00,Eclipse
2023-12-17T06:23:00,Send_Command-Nadir_Point,ADCS_ATT_CTL_POINT_NADIR,0,0x10,0xA0,0x13,0x00,0x00,0x00,0x00,0x00,0x00,0x00,0x00,0x02,0x00,0x00,0x00,0x00,
60,Send_Command-Payload_ON ,POWER_ON_PAYLOAD,0,0x20,0xA1,0x04,0x0,0x00,0x00,0x00,0x00,0x31,0x99,,,,,,,
2023-12-17T06:41:30,Send_Command-Payload OFF ,POWER_OFF_PAYLOAD,0,0x20,0xA0,0x04,0x0,0x00,0x00,0x00,0x00,0x89,0xF8,,,,,,,
 Ground_Station Pass-Bangalore 2023-12-17 06:41:47Z 2023-12-17 06:42:46Z 
2023-12-17 06:41:47,Send_Command-Data_Downlink ,ADCS_ATT_CTL_POINT_LLA,0,0x10,0xA0,0x16,0x00,0x00,0x00,0x00,0x00,0x00,0x00,0x00,0x00,0x00,0x00,0x00 ,ac8b4f41,6f309b42,0331fd48
2023-12-17T06:43:00,Send_Command-Nadir_Point,ADCS_ATT_CTL_POINT_NADIR,0,0x10,0xA0,0x13,0x00,0x00,0x00,0x00,0x00,0x00,0x00,0x00,0x02,0x00,0x00,0x00,0x00,
60,Send_Command-Payload_ON ,POWER_ON_PAYLOAD,0,0x20,0xA1,0x04,0x0,0x00,0x00,0x00,0x00,0x31,0x99,,,,,,,
2023-12-17 07:24:00,Send_Command-Payload OFF ,POWER_OFF_PAYLOAD,0,0x20,0xA0,0x04,0x0,0x00,0x00,0x00,0x00,0x89,0xF8,,,,,,,
2023-12-17 07:24:00,Eclipse
2023-12-17T07:58:00,Send_Command-Nadir_Point,ADCS_ATT_CTL_POINT_NADIR,0,0x10,0xA0,0x13,0x00,0x00,0x00,0x00,0x00,0x00,0x00,0x00,0x02,0x00,0x00,0x00,0x00,
60,Send_Command-Payload_ON ,POWER_ON_PAYLOAD,0,0x20,0xA1,0x04,0x0,0x00,0x00,0x00,0x00,0x31,0x99,,,,,,,
2023-12-17 08:59:00,Send_Command-Payload OFF ,POWER_OFF_PAYLOAD,0,0x20,0xA0,0x04,0x0,0x00,0x00,0x00,0x00,0x89,0xF8,,,,,,,
2023-12-17 08:59:00,Eclipse
2023-12-17T09:33:00,Send_Command-Nadir_Point,ADCS_ATT_CTL_POINT_NADIR,0,0x10,0xA0,0x13,0x00,0x00,0x00,0x00,0x00,0x00,0x00,0x00,0x02,0x00,0x00,0x00,0x00,
60,Send_Command-Payload_ON ,POWER_ON_PAYLOAD,0,0x20,0xA1,0x04,0x0,0x00,0x00,0x00,0x00,0x31,0x99,,,,,,,
2023-12-17T10:29:30,Send_Command-Payload OFF ,POWER_OFF_PAYLOAD,0,0x20,0xA0,0x04,0x0,0x00,0x00,0x00,0x00,0x89,0xF8,,,,,,,
 Ground_Station Pass-New_Zealand 2023-12-17 10:29:51Z 2023-12-17 10:38:35Z 
2023-12-17 10:29:51,Send_Command-Data_Downlink ,ADCS_ATT_CTL_POINT_LLA,0,0x10,0xA0,0x16,0x00,0x00,0x00,0x00,0x00,0x00,0x00,0x00,0x00,0x00,0x00,0x00 ,379a23c2,d1e22e43,29a30649
2023-12-17 10:34:00,Data Downlink in Eclipse 
2023-12-17 10:39:00,Eclipse
2023-12-17T11:09:00,Send_Command-Nadir_Point,ADCS_ATT_CTL_POINT_NADIR,0,0x10,0xA0,0x13,0x00,0x00,0x00,0x00,0x00,0x00,0x00,0x00,0x02,0x00,0x00,0x00,0x00,
60,Send_Command-Payload_ON ,POWER_ON_PAYLOAD,0,0x20,0xA1,0x04,0x0,0x00,0x00,0x00,0x00,0x31,0x99,,,,,,,
2023-12-17 11:36:00,Send_Command-Payload OFF ,POWER_OFF_PAYLOAD,0,0x20,0xA0,0x04,0x0,0x00,0x00,0x00,0x00,0x89,0xF8,,,,,,,
2023-12-17 11:36:00,Payload OFF In Sunlit
2023-12-17T11:37:00,Send_Command-Nadir_Point,ADCS_ATT_CTL_POINT_NADIR,0,0x10,0xA0,0x13,0x00,0x00,0x00,0x00,0x00,0x00,0x00,0x00,0x02,0x00,0x00,0x00,0x00,
60,Send_Command-Payload_ON ,POWER_ON_PAYLOAD,0,0x20,0xA1,0x04,0x0,0x00,0x00,0x00,0x00,0x31,0x99,,,,,,,
2023-12-17 11:43:00,Send_Command-Payload OFF ,POWER_OFF_PAYLOAD,0,0x20,0xA0,0x04,0x0,0x00,0x00,0x00,0x00,0x89,0xF8,,,,,,,
2023-12-17 11:43:00,Payload OFF In Sunlit
2023-12-17T11:44:00,Send_Command-Nadir_Point,ADCS_ATT_CTL_POINT_NADIR,0,0x10,0xA0,0x13,0x00,0x00,0x00,0x00,0x00,0x00,0x00,0x00,0x02,0x00,0x00,0x00,0x00,
60,Send_Command-Payload_ON ,POWER_ON_PAYLOAD,0,0x20,0xA1,0x04,0x0,0x00,0x00,0x00,0x00,0x31,0x99,,,,,,,
2023-12-17 11:51:00,Send_Command-Payload OFF ,POWER_OFF_PAYLOAD,0,0x20,0xA0,0x04,0x0,0x00,0x00,0x00,0x00,0x89,0xF8,,,,,,,
2023-12-17 11:51:00,Payload OFF In Sunlit
2023-12-17T11:52:00,Send_Command-Nadir_Point,ADCS_ATT_CTL_POINT_NADIR,0,0x10,0xA0,0x13,0x00,0x00,0x00,0x00,0x00,0x00,0x00,0x00,0x02,0x00,0x00,0x00,0x00,
60,Send_Command-Payload_ON ,POWER_ON_PAYLOAD,0,0x20,0xA1,0x04,0x0,0x00,0x00,0x00,0x00,0x31,0x99,,,,,,,
2023-12-17 11:59:00,Send_Command-Payload OFF ,POWER_OFF_PAYLOAD,0,0x20,0xA0,0x04,0x0,0x00,0x00,0x00,0x00,0x89,0xF8,,,,,,,
2023-12-17 11:59:00,Payload OFF In Sunlit
2023-12-17T12:00:00,Send_Command-Nadir_Point,ADCS_ATT_CTL_POINT_NADIR,0,0x10,0xA0,0x13,0x00,0x00,0x00,0x00,0x00,0x00,0x00,0x00,0x02,0x00,0x00,0x00,0x00,
60,Send_Command-Payload_ON ,POWER_ON_PAYLOAD,0,0x20,0xA1,0x04,0x0,0x00,0x00,0x00,0x00,0x31,0x99,,,,,,,
2023-12-17T12:04:30,Send_Command-Payload OFF ,POWER_OFF_PAYLOAD,0,0x20,0xA0,0x04,0x0,0x00,0x00,0x00,0x00,0x89,0xF8,,,,,,,
 Ground_Station Pass-New_Zealand 2023-12-17 12:04:06Z 2023-12-17 12:12:29Z 
2023-12-17 12:04:06,Send_Command-Data_Downlink ,ADCS_ATT_CTL_POINT_LLA,0,0x10,0xA0,0x16,0x00,0x00,0x00,0x00,0x00,0x00,0x00,0x00,0x00,0x00,0x00,0x00 ,379a23c2,d1e22e43,02af0649
2023-12-17 12:09:00,Data Downlink in Eclipse 
2023-12-17 12:13:00,Eclipse
2023-12-17 12:28:00,Data Downlink in Eclipse 
2023-12-17 12:35:00,Eclipse
2023-12-17 12:44:00,Payload OFF In Sunlit
2023-12-17T12:46:00,Send_Command-Nadir_Point,ADCS_ATT_CTL_POINT_NADIR,0,0x10,0xA0,0x13,0x00,0x00,0x00,0x00,0x00,0x00,0x00,0x00,0x02,0x00,0x00,0x00,0x00,
60,Send_Command-Payload_ON ,POWER_ON_PAYLOAD,0,0x20,0xA1,0x04,0x0,0x00,0x00,0x00,0x00,0x31,0x99,,,,,,,
2023-12-17 12:52:00,Send_Command-Payload OFF ,POWER_OFF_PAYLOAD,0,0x20,0xA0,0x04,0x0,0x00,0x00,0x00,0x00,0x89,0xF8,,,,,,,
2023-12-17 12:52:00,Payload OFF In Sunlit
2023-12-17T12:53:00,Send_Command-Nadir_Point,ADCS_ATT_CTL_POINT_NADIR,0,0x10,0xA0,0x13,0x00,0x00,0x00,0x00,0x00,0x00,0x00,0x00,0x02,0x00,0x00,0x00,0x00,
60,Send_Command-Payload_ON ,POWER_ON_PAYLOAD,0,0x20,0xA1,0x04,0x0,0x00,0x00,0x00,0x00,0x31,0x99,,,,,,,
2023-12-17 13:00:00,Send_Command-Payload OFF ,POWER_OFF_PAYLOAD,0,0x20,0xA0,0x04,0x0,0x00,0x00,0x00,0x00,0x89,0xF8,,,,,,,
2023-12-17 13:00:00,Payload OFF In Sunlit
2023-12-17T13:01:00,Send_Command-Nadir_Point,ADCS_ATT_CTL_POINT_NADIR,0,0x10,0xA0,0x13,0x00,0x00,0x00,0x00,0x00,0x00,0x00,0x00,0x02,0x00,0x00,0x00,0x00,
60,Send_Command-Payload_ON ,POWER_ON_PAYLOAD,0,0x20,0xA1,0x04,0x0,0x00,0x00,0x00,0x00,0x31,0x99,,,,,,,
2023-12-17 13:08:00,Send_Command-Payload OFF ,POWER_OFF_PAYLOAD,0,0x20,0xA0,0x04,0x0,0x00,0x00,0x00,0x00,0x89,0xF8,,,,,,,
2023-12-17 13:08:00,Payload OFF In Sunlit
2023-12-17T13:09:00,Send_Command-Nadir_Point,ADCS_ATT_CTL_POINT_NADIR,0,0x10,0xA0,0x13,0x00,0x00,0x00,0x00,0x00,0x00,0x00,0x00,0x02,0x00,0x00,0x00,0x00,
60,Send_Command-Payload_ON ,POWER_ON_PAYLOAD,0,0x20,0xA1,0x04,0x0,0x00,0x00,0x00,0x00,0x31,0x99,,,,,,,
2023-12-17 13:15:00,Send_Command-Payload OFF ,POWER_OFF_PAYLOAD,0,0x20,0xA0,0x04,0x0,0x00,0x00,0x00,0x00,0x89,0xF8,,,,,,,
2023-12-17 13:15:00,Payload OFF In Sunlit
2023-12-17T13:16:00,Send_Command-Nadir_Point,ADCS_ATT_CTL_POINT_NADIR,0,0x10,0xA0,0x13,0x00,0x00,0x00,0x00,0x00,0x00,0x00,0x00,0x02,0x00,0x00,0x00,0x00,
60,Send_Command-Payload_ON ,POWER_ON_PAYLOAD,0,0x20,0xA1,0x04,0x0,0x00,0x00,0x00,0x00,0x31,0x99,,,,,,,
2023-12-17 13:23:00,Send_Command-Payload OFF ,POWER_OFF_PAYLOAD,0,0x20,0xA0,0x04,0x0,0x00,0x00,0x00,0x00,0x89,0xF8,,,,,,,
2023-12-17 13:23:00,Payload OFF In Sunlit
2023-12-17T13:24:00,Send_Command-Nadir_Point,ADCS_ATT_CTL_POINT_NADIR,0,0x10,0xA0,0x13,0x00,0x00,0x00,0x00,0x00,0x00,0x00,0x00,0x02,0x00,0x00,0x00,0x00,
60,Send_Command-Payload_ON ,POWER_ON_PAYLOAD,0,0x20,0xA1,0x04,0x0,0x00,0x00,0x00,0x00,0x31,0x99,,,,,,,
2023-12-17 13:31:00,Send_Command-Payload OFF ,POWER_OFF_PAYLOAD,0,0x20,0xA0,0x04,0x0,0x00,0x00,0x00,0x00,0x89,0xF8,,,,,,,
2023-12-17 13:31:00,Payload OFF In Sunlit
2023-12-17T13:32:00,Send_Command-Nadir_Point,ADCS_ATT_CTL_POINT_NADIR,0,0x10,0xA0,0x13,0x00,0x00,0x00,0x00,0x00,0x00,0x00,0x00,0x02,0x00,0x00,0x00,0x00,
60,Send_Command-Payload_ON ,POWER_ON_PAYLOAD,0,0x20,0xA1,0x04,0x0,0x00,0x00,0x00,0x00,0x31,0x99,,,,,,,
2023-12-17 13:38:00,Send_Command-Payload OFF ,POWER_OFF_PAYLOAD,0,0x20,0xA0,0x04,0x0,0x00,0x00,0x00,0x00,0x89,0xF8,,,,,,,
2023-12-17 13:38:00,Payload OFF In Sunlit
2023-12-17T13:39:00,Send_Command-Nadir_Point,ADCS_ATT_CTL_POINT_NADIR,0,0x10,0xA0,0x13,0x00,0x00,0x00,0x00,0x00,0x00,0x00,0x00,0x02,0x00,0x00,0x00,0x00,
60,Send_Command-Payload_ON ,POWER_ON_PAYLOAD,0,0x20,0xA1,0x04,0x0,0x00,0x00,0x00,0x00,0x31,0x99,,,,,,,
2023-12-17 13:44:00,Send_Command-Payload OFF ,POWER_OFF_PAYLOAD,0,0x20,0xA0,0x04,0x0,0x00,0x00,0x00,0x00,0x89,0xF8,,,,,,,
2023-12-17 13:44:00,Eclipse
2023-12-17 14:01:00,Data Downlink in Eclipse 
2023-12-17 14:10:00,Eclipse
2023-12-17 14:19:00,Payload OFF In Sunlit
2023-12-17T14:25:00,Send_Command-Nadir_Point,ADCS_ATT_CTL_POINT_NADIR,0,0x10,0xA0,0x13,0x00,0x00,0x00,0x00,0x00,0x00,0x00,0x00,0x02,0x00,0x00,0x00,0x00,
60,Send_Command-Payload_ON ,POWER_ON_PAYLOAD,0,0x20,0xA1,0x04,0x0,0x00,0x00,0x00,0x00,0x31,0x99,,,,,,,
2023-12-17 14:32:00,Send_Command-Payload OFF ,POWER_OFF_PAYLOAD,0,0x20,0xA0,0x04,0x0,0x00,0x00,0x00,0x00,0x89,0xF8,,,,,,,
2023-12-17 14:32:00,Payload OFF In Sunlit
2023-12-17T14:33:00,Send_Command-Nadir_Point,ADCS_ATT_CTL_POINT_NADIR,0,0x10,0xA0,0x13,0x00,0x00,0x00,0x00,0x00,0x00,0x00,0x00,0x02,0x00,0x00,0x00,0x00,
60,Send_Command-Payload_ON ,POWER_ON_PAYLOAD,0,0x20,0xA1,0x04,0x0,0x00,0x00,0x00,0x00,0x31,0x99,,,,,,,
2023-12-17 14:40:00,Send_Command-Payload OFF ,POWER_OFF_PAYLOAD,0,0x20,0xA0,0x04,0x0,0x00,0x00,0x00,0x00,0x89,0xF8,,,,,,,
2023-12-17 14:40:00,Payload OFF In Sunlit
2023-12-17T14:41:00,Send_Command-Nadir_Point,ADCS_ATT_CTL_POINT_NADIR,0,0x10,0xA0,0x13,0x00,0x00,0x00,0x00,0x00,0x00,0x00,0x00,0x02,0x00,0x00,0x00,0x00,
60,Send_Command-Payload_ON ,POWER_ON_PAYLOAD,0,0x20,0xA1,0x04,0x0,0x00,0x00,0x00,0x00,0x31,0x99,,,,,,,
2023-12-17 14:47:00,Send_Command-Payload OFF ,POWER_OFF_PAYLOAD,0,0x20,0xA0,0x04,0x0,0x00,0x00,0x00,0x00,0x89,0xF8,,,,,,,
2023-12-17 14:47:00,Payload OFF In Sunlit
2023-12-17T14:48:00,Send_Command-Nadir_Point,ADCS_ATT_CTL_POINT_NADIR,0,0x10,0xA0,0x13,0x00,0x00,0x00,0x00,0x00,0x00,0x00,0x00,0x02,0x00,0x00,0x00,0x00,
60,Send_Command-Payload_ON ,POWER_ON_PAYLOAD,0,0x20,0xA1,0x04,0x0,0x00,0x00,0x00,0x00,0x31,0x99,,,,,,,
2023-12-17 14:55:00,Send_Command-Payload OFF ,POWER_OFF_PAYLOAD,0,0x20,0xA0,0x04,0x0,0x00,0x00,0x00,0x00,0x89,0xF8,,,,,,,
2023-12-17 14:55:00,Payload OFF In Sunlit
2023-12-17T14:56:00,Send_Command-Nadir_Point,ADCS_ATT_CTL_POINT_NADIR,0,0x10,0xA0,0x13,0x00,0x00,0x00,0x00,0x00,0x00,0x00,0x00,0x02,0x00,0x00,0x00,0x00,
60,Send_Command-Payload_ON ,POWER_ON_PAYLOAD,0,0x20,0xA1,0x04,0x0,0x00,0x00,0x00,0x00,0x31,0x99,,,,,,,
2023-12-17 15:03:00,Send_Command-Payload OFF ,POWER_OFF_PAYLOAD,0,0x20,0xA0,0x04,0x0,0x00,0x00,0x00,0x00,0x89,0xF8,,,,,,,
2023-12-17 15:03:00,Payload OFF In Sunlit
2023-12-17T15:04:00,Send_Command-Nadir_Point,ADCS_ATT_CTL_POINT_NADIR,0,0x10,0xA0,0x13,0x00,0x00,0x00,0x00,0x00,0x00,0x00,0x00,0x02,0x00,0x00,0x00,0x00,
60,Send_Command-Payload_ON ,POWER_ON_PAYLOAD,0,0x20,0xA1,0x04,0x0,0x00,0x00,0x00,0x00,0x31,0x99,,,,,,,
2023-12-17 15:10:00,Send_Command-Payload OFF ,POWER_OFF_PAYLOAD,0,0x20,0xA0,0x04,0x0,0x00,0x00,0x00,0x00,0x89,0xF8,,,,,,,
2023-12-17 15:10:00,Payload OFF In Sunlit
2023-12-17T15:11:00,Send_Command-Nadir_Point,ADCS_ATT_CTL_POINT_NADIR,0,0x10,0xA0,0x13,0x00,0x00,0x00,0x00,0x00,0x00,0x00,0x00,0x02,0x00,0x00,0x00,0x00,
60,Send_Command-Payload_ON ,POWER_ON_PAYLOAD,0,0x20,0xA1,0x04,0x0,0x00,0x00,0x00,0x00,0x31,0x99,,,,,,,
2023-12-17 15:18:00,Send_Command-Payload OFF ,POWER_OFF_PAYLOAD,0,0x20,0xA0,0x04,0x0,0x00,0x00,0x00,0x00,0x89,0xF8,,,,,,,
2023-12-17 15:18:00,Payload OFF In Sunlit
2023-12-17 15:19:00,Eclipse
2023-12-17 15:54:00,Payload OFF In Sunlit
2023-12-17T15:59:00,Send_Command-Nadir_Point,ADCS_ATT_CTL_POINT_NADIR,0,0x10,0xA0,0x13,0x00,0x00,0x00,0x00,0x00,0x00,0x00,0x00,0x02,0x00,0x00,0x00,0x00,
60,Send_Command-Payload_ON ,POWER_ON_PAYLOAD,0,0x20,0xA1,0x04,0x0,0x00,0x00,0x00,0x00,0x31,0x99,,,,,,,
2023-12-17 16:04:00,Send_Command-Payload OFF ,POWER_OFF_PAYLOAD,0,0x20,0xA0,0x04,0x0,0x00,0x00,0x00,0x00,0x89,0xF8,,,,,,,
2023-12-17 16:04:00,Payload OFF In Sunlit
2023-12-17T16:05:00,Send_Command-Nadir_Point,ADCS_ATT_CTL_POINT_NADIR,0,0x10,0xA0,0x13,0x00,0x00,0x00,0x00,0x00,0x00,0x00,0x00,0x02,0x00,0x00,0x00,0x00,
60,Send_Command-Payload_ON ,POWER_ON_PAYLOAD,0,0x20,0xA1,0x04,0x0,0x00,0x00,0x00,0x00,0x31,0x99,,,,,,,
2023-12-17 16:12:00,Send_Command-Payload OFF ,POWER_OFF_PAYLOAD,0,0x20,0xA0,0x04,0x0,0x00,0x00,0x00,0x00,0x89,0xF8,,,,,,,
2023-12-17 16:12:00,Payload OFF In Sunlit
2023-12-17T16:13:00,Send_Command-Nadir_Point,ADCS_ATT_CTL_POINT_NADIR,0,0x10,0xA0,0x13,0x00,0x00,0x00,0x00,0x00,0x00,0x00,0x00,0x02,0x00,0x00,0x00,0x00,
60,Send_Command-Payload_ON ,POWER_ON_PAYLOAD,0,0x20,0xA1,0x04,0x0,0x00,0x00,0x00,0x00,0x31,0x99,,,,,,,
2023-12-17 16:19:00,Send_Command-Payload OFF ,POWER_OFF_PAYLOAD,0,0x20,0xA0,0x04,0x0,0x00,0x00,0x00,0x00,0x89,0xF8,,,,,,,
2023-12-17 16:19:00,Payload OFF In Sunlit
2023-12-17T16:20:00,Send_Command-Nadir_Point,ADCS_ATT_CTL_POINT_NADIR,0,0x10,0xA0,0x13,0x00,0x00,0x00,0x00,0x00,0x00,0x00,0x00,0x02,0x00,0x00,0x00,0x00,
60,Send_Command-Payload_ON ,POWER_ON_PAYLOAD,0,0x20,0xA1,0x04,0x0,0x00,0x00,0x00,0x00,0x31,0x99,,,,,,,
2023-12-17 16:27:00,Send_Command-Payload OFF ,POWER_OFF_PAYLOAD,0,0x20,0xA0,0x04,0x0,0x00,0x00,0x00,0x00,0x89,0xF8,,,,,,,
2023-12-17 16:27:00,Payload OFF In Sunlit
2023-12-17T16:28:00,Send_Command-Nadir_Point,ADCS_ATT_CTL_POINT_NADIR,0,0x10,0xA0,0x13,0x00,0x00,0x00,0x00,0x00,0x00,0x00,0x00,0x02,0x00,0x00,0x00,0x00,
60,Send_Command-Payload_ON ,POWER_ON_PAYLOAD,0,0x20,0xA1,0x04,0x0,0x00,0x00,0x00,0x00,0x31,0x99,,,,,,,
2023-12-17 16:35:00,Send_Command-Payload OFF ,POWER_OFF_PAYLOAD,0,0x20,0xA0,0x04,0x0,0x00,0x00,0x00,0x00,0x89,0xF8,,,,,,,
2023-12-17 16:35:00,Payload OFF In Sunlit
2023-12-17T16:36:00,Send_Command-Nadir_Point,ADCS_ATT_CTL_POINT_NADIR,0,0x10,0xA0,0x13,0x00,0x00,0x00,0x00,0x00,0x00,0x00,0x00,0x02,0x00,0x00,0x00,0x00,
60,Send_Command-Payload_ON ,POWER_ON_PAYLOAD,0,0x20,0xA1,0x04,0x0,0x00,0x00,0x00,0x00,0x31,0x99,,,,,,,
2023-12-17 16:42:00,Send_Command-Payload OFF ,POWER_OFF_PAYLOAD,0,0x20,0xA0,0x04,0x0,0x00,0x00,0x00,0x00,0x89,0xF8,,,,,,,
2023-12-17 16:42:00,Payload OFF In Sunlit
2023-12-17T16:43:00,Send_Command-Nadir_Point,ADCS_ATT_CTL_POINT_NADIR,0,0x10,0xA0,0x13,0x00,0x00,0x00,0x00,0x00,0x00,0x00,0x00,0x02,0x00,0x00,0x00,0x00,
60,Send_Command-Payload_ON ,POWER_ON_PAYLOAD,0,0x20,0xA1,0x04,0x0,0x00,0x00,0x00,0x00,0x31,0x99,,,,,,,
2023-12-17 16:50:00,Send_Command-Payload OFF ,POWER_OFF_PAYLOAD,0,0x20,0xA0,0x04,0x0,0x00,0x00,0x00,0x00,0x89,0xF8,,,,,,,
2023-12-17 16:50:00,Payload OFF In Sunlit
2023-12-17T16:51:00,Send_Command-Nadir_Point,ADCS_ATT_CTL_POINT_NADIR,0,0x10,0xA0,0x13,0x00,0x00,0x00,0x00,0x00,0x00,0x00,0x00,0x02,0x00,0x00,0x00,0x00,
60,Send_Command-Payload_ON ,POWER_ON_PAYLOAD,0,0x20,0xA1,0x04,0x0,0x00,0x00,0x00,0x00,0x31,0x99,,,,,,,
2023-12-17 16:54:00,Send_Command-Payload OFF ,POWER_OFF_PAYLOAD,0,0x20,0xA0,0x04,0x0,0x00,0x00,0x00,0x00,0x89,0xF8,,,,,,,
2023-12-17 16:54:00,Eclipse
2023-12-17 17:05:00,Data Downlink in Eclipse 
2023-12-17 17:14:00,Eclipse
2023-12-17 17:29:00,Payload OFF In Sunlit
2023-12-17T17:34:00,Send_Command-Nadir_Point,ADCS_ATT_CTL_POINT_NADIR,0,0x10,0xA0,0x13,0x00,0x00,0x00,0x00,0x00,0x00,0x00,0x00,0x02,0x00,0x00,0x00,0x00,
60,Send_Command-Payload_ON ,POWER_ON_PAYLOAD,0,0x20,0xA1,0x04,0x0,0x00,0x00,0x00,0x00,0x31,0x99,,,,,,,
2023-12-17 17:36:00,Send_Command-Payload OFF ,POWER_OFF_PAYLOAD,0,0x20,0xA0,0x04,0x0,0x00,0x00,0x00,0x00,0x89,0xF8,,,,,,,
2023-12-17 17:36:00,Payload OFF In Sunlit
2023-12-17T17:37:00,Send_Command-Nadir_Point,ADCS_ATT_CTL_POINT_NADIR,0,0x10,0xA0,0x13,0x00,0x00,0x00,0x00,0x00,0x00,0x00,0x00,0x02,0x00,0x00,0x00,0x00,
60,Send_Command-Payload_ON ,POWER_ON_PAYLOAD,0,0x20,0xA1,0x04,0x0,0x00,0x00,0x00,0x00,0x31,0x99,,,,,,,
2023-12-17 17:44:00,Send_Command-Payload OFF ,POWER_OFF_PAYLOAD,0,0x20,0xA0,0x04,0x0,0x00,0x00,0x00,0x00,0x89,0xF8,,,,,,,
2023-12-17 17:44:00,Payload OFF In Sunlit
2023-12-17T17:45:00,Send_Command-Nadir_Point,ADCS_ATT_CTL_POINT_NADIR,0,0x10,0xA0,0x13,0x00,0x00,0x00,0x00,0x00,0x00,0x00,0x00,0x02,0x00,0x00,0x00,0x00,
60,Send_Command-Payload_ON ,POWER_ON_PAYLOAD,0,0x20,0xA1,0x04,0x0,0x00,0x00,0x00,0x00,0x31,0x99,,,,,,,
2023-12-17 17:51:00,Send_Command-Payload OFF ,POWER_OFF_PAYLOAD,0,0x20,0xA0,0x04,0x0,0x00,0x00,0x00,0x00,0x89,0xF8,,,,,,,
2023-12-17 17:51:00,Payload OFF In Sunlit
2023-12-17T17:52:00,Send_Command-Nadir_Point,ADCS_ATT_CTL_POINT_NADIR,0,0x10,0xA0,0x13,0x00,0x00,0x00,0x00,0x00,0x00,0x00,0x00,0x02,0x00,0x00,0x00,0x00,
60,Send_Command-Payload_ON ,POWER_ON_PAYLOAD,0,0x20,0xA1,0x04,0x0,0x00,0x00,0x00,0x00,0x31,0x99,,,,,,,
2023-12-17 17:59:00,Send_Command-Payload OFF ,POWER_OFF_PAYLOAD,0,0x20,0xA0,0x04,0x0,0x00,0x00,0x00,0x00,0x89,0xF8,,,,,,,
2023-12-17 17:59:00,Payload OFF In Sunlit
2023-12-17T18:00:00,Send_Command-Nadir_Point,ADCS_ATT_CTL_POINT_NADIR,0,0x10,0xA0,0x13,0x00,0x00,0x00,0x00,0x00,0x00,0x00,0x00,0x02,0x00,0x00,0x00,0x00,
60,Send_Command-Payload_ON ,POWER_ON_PAYLOAD,0,0x20,0xA1,0x04,0x0,0x00,0x00,0x00,0x00,0x31,0x99,,,,,,,
2023-12-17 18:07:00,Send_Command-Payload OFF ,POWER_OFF_PAYLOAD,0,0x20,0xA0,0x04,0x0,0x00,0x00,0x00,0x00,0x89,0xF8,,,,,,,
2023-12-17 18:07:00,Payload OFF In Sunlit
2023-12-17T18:08:00,Send_Command-Nadir_Point,ADCS_ATT_CTL_POINT_NADIR,0,0x10,0xA0,0x13,0x00,0x00,0x00,0x00,0x00,0x00,0x00,0x00,0x02,0x00,0x00,0x00,0x00,
60,Send_Command-Payload_ON ,POWER_ON_PAYLOAD,0,0x20,0xA1,0x04,0x0,0x00,0x00,0x00,0x00,0x31,0x99,,,,,,,
2023-12-17 18:14:00,Send_Command-Payload OFF ,POWER_OFF_PAYLOAD,0,0x20,0xA0,0x04,0x0,0x00,0x00,0x00,0x00,0x89,0xF8,,,,,,,
2023-12-17 18:14:00,Payload OFF In Sunlit
2023-12-17T18:15:00,Send_Command-Nadir_Point,ADCS_ATT_CTL_POINT_NADIR,0,0x10,0xA0,0x13,0x00,0x00,0x00,0x00,0x00,0x00,0x00,0x00,0x02,0x00,0x00,0x00,0x00,
60,Send_Command-Payload_ON ,POWER_ON_PAYLOAD,0,0x20,0xA1,0x04,0x0,0x00,0x00,0x00,0x00,0x31,0x99,,,,,,,
2023-12-17 18:22:00,Send_Command-Payload OFF ,POWER_OFF_PAYLOAD,0,0x20,0xA0,0x04,0x0,0x00,0x00,0x00,0x00,0x89,0xF8,,,,,,,
2023-12-17 18:22:00,Payload OFF In Sunlit
2023-12-17T18:23:00,Send_Command-Nadir_Point,ADCS_ATT_CTL_POINT_NADIR,0,0x10,0xA0,0x13,0x00,0x00,0x00,0x00,0x00,0x00,0x00,0x00,0x02,0x00,0x00,0x00,0x00,
60,Send_Command-Payload_ON ,POWER_ON_PAYLOAD,0,0x20,0xA1,0x04,0x0,0x00,0x00,0x00,0x00,0x31,0x99,,,,,,,
2023-12-17 18:30:00,Send_Command-Payload OFF ,POWER_OFF_PAYLOAD,0,0x20,0xA0,0x04,0x0,0x00,0x00,0x00,0x00,0x89,0xF8,,,,,,,
2023-12-17 18:30:00,Eclipse
2023-12-17 19:04:00,Payload OFF In Sunlit
2023-12-17T19:10:00,Send_Command-Nadir_Point,ADCS_ATT_CTL_POINT_NADIR,0,0x10,0xA0,0x13,0x00,0x00,0x00,0x00,0x00,0x00,0x00,0x00,0x02,0x00,0x00,0x00,0x00,
60,Send_Command-Payload_ON ,POWER_ON_PAYLOAD,0,0x20,0xA1,0x04,0x0,0x00,0x00,0x00,0x00,0x31,0x99,,,,,,,
2023-12-17 19:16:00,Send_Command-Payload OFF ,POWER_OFF_PAYLOAD,0,0x20,0xA0,0x04,0x0,0x00,0x00,0x00,0x00,0x89,0xF8,,,,,,,
2023-12-17 19:16:00,Payload OFF In Sunlit
2023-12-17T19:17:00,Send_Command-Nadir_Point,ADCS_ATT_CTL_POINT_NADIR,0,0x10,0xA0,0x13,0x00,0x00,0x00,0x00,0x00,0x00,0x00,0x00,0x02,0x00,0x00,0x00,0x00,
60,Send_Command-Payload_ON ,POWER_ON_PAYLOAD,0,0x20,0xA1,0x04,0x0,0x00,0x00,0x00,0x00,0x31,0x99,,,,,,,
2023-12-17 19:23:00,Send_Command-Payload OFF ,POWER_OFF_PAYLOAD,0,0x20,0xA0,0x04,0x0,0x00,0x00,0x00,0x00,0x89,0xF8,,,,,,,
2023-12-17 19:23:00,Payload OFF In Sunlit
2023-12-17T19:24:00,Send_Command-Nadir_Point,ADCS_ATT_CTL_POINT_NADIR,0,0x10,0xA0,0x13,0x00,0x00,0x00,0x00,0x00,0x00,0x00,0x00,0x02,0x00,0x00,0x00,0x00,
60,Send_Command-Payload_ON ,POWER_ON_PAYLOAD,0,0x20,0xA1,0x04,0x0,0x00,0x00,0x00,0x00,0x31,0x99,,,,,,,
2023-12-17 19:31:00,Send_Command-Payload OFF ,POWER_OFF_PAYLOAD,0,0x20,0xA0,0x04,0x0,0x00,0x00,0x00,0x00,0x89,0xF8,,,,,,,
2023-12-17 19:31:00,Payload OFF In Sunlit
2023-12-17T19:32:00,Send_Command-Nadir_Point,ADCS_ATT_CTL_POINT_NADIR,0,0x10,0xA0,0x13,0x00,0x00,0x00,0x00,0x00,0x00,0x00,0x00,0x02,0x00,0x00,0x00,0x00,
60,Send_Command-Payload_ON ,POWER_ON_PAYLOAD,0,0x20,0xA1,0x04,0x0,0x00,0x00,0x00,0x00,0x31,0x99,,,,,,,
2023-12-17 19:39:00,Send_Command-Payload OFF ,POWER_OFF_PAYLOAD,0,0x20,0xA0,0x04,0x0,0x00,0x00,0x00,0x00,0x89,0xF8,,,,,,,
2023-12-17 19:39:00,Payload OFF In Sunlit
2023-12-17T19:40:00,Send_Command-Nadir_Point,ADCS_ATT_CTL_POINT_NADIR,0,0x10,0xA0,0x13,0x00,0x00,0x00,0x00,0x00,0x00,0x00,0x00,0x02,0x00,0x00,0x00,0x00,
60,Send_Command-Payload_ON ,POWER_ON_PAYLOAD,0,0x20,0xA1,0x04,0x0,0x00,0x00,0x00,0x00,0x31,0x99,,,,,,,
2023-12-17 19:46:00,Send_Command-Payload OFF ,POWER_OFF_PAYLOAD,0,0x20,0xA0,0x04,0x0,0x00,0x00,0x00,0x00,0x89,0xF8,,,,,,,
2023-12-17 19:46:00,Payload OFF In Sunlit
2023-12-17T19:47:00,Send_Command-Nadir_Point,ADCS_ATT_CTL_POINT_NADIR,0,0x10,0xA0,0x13,0x00,0x00,0x00,0x00,0x00,0x00,0x00,0x00,0x02,0x00,0x00,0x00,0x00,
60,Send_Command-Payload_ON ,POWER_ON_PAYLOAD,0,0x20,0xA1,0x04,0x0,0x00,0x00,0x00,0x00,0x31,0x99,,,,,,,
2023-12-17 19:54:00,Send_Command-Payload OFF ,POWER_OFF_PAYLOAD,0,0x20,0xA0,0x04,0x0,0x00,0x00,0x00,0x00,0x89,0xF8,,,,,,,
2023-12-17 19:54:00,Payload OFF In Sunlit
2023-12-17T19:55:00,Send_Command-Nadir_Point,ADCS_ATT_CTL_POINT_NADIR,0,0x10,0xA0,0x13,0x00,0x00,0x00,0x00,0x00,0x00,0x00,0x00,0x02,0x00,0x00,0x00,0x00,
60,Send_Command-Payload_ON ,POWER_ON_PAYLOAD,0,0x20,0xA1,0x04,0x0,0x00,0x00,0x00,0x00,0x31,0x99,,,,,,,
2023-12-17 20:02:00,Send_Command-Payload OFF ,POWER_OFF_PAYLOAD,0,0x20,0xA0,0x04,0x0,0x00,0x00,0x00,0x00,0x89,0xF8,,,,,,,
2023-12-17 20:02:00,Payload OFF In Sunlit
2023-12-17T20:03:00,Send_Command-Nadir_Point,ADCS_ATT_CTL_POINT_NADIR,0,0x10,0xA0,0x13,0x00,0x00,0x00,0x00,0x00,0x00,0x00,0x00,0x02,0x00,0x00,0x00,0x00,
60,Send_Command-Payload_ON ,POWER_ON_PAYLOAD,0,0x20,0xA1,0x04,0x0,0x00,0x00,0x00,0x00,0x31,0x99,,,,,,,
2023-12-17 20:05:00,Send_Command-Payload OFF ,POWER_OFF_PAYLOAD,0,0x20,0xA0,0x04,0x0,0x00,0x00,0x00,0x00,0x89,0xF8,,,,,,,
2023-12-17 20:05:00,Eclipse
2023-12-17 20:39:00,Payload OFF In Sunlit
2023-12-17T20:44:00,Send_Command-Nadir_Point,ADCS_ATT_CTL_POINT_NADIR,0,0x10,0xA0,0x13,0x00,0x00,0x00,0x00,0x00,0x00,0x00,0x00,0x02,0x00,0x00,0x00,0x00,
60,Send_Command-Payload_ON ,POWER_ON_PAYLOAD,0,0x20,0xA1,0x04,0x0,0x00,0x00,0x00,0x00,0x31,0x99,,,,,,,
2023-12-17 20:48:00,Send_Command-Payload OFF ,POWER_OFF_PAYLOAD,0,0x20,0xA0,0x04,0x0,0x00,0x00,0x00,0x00,0x89,0xF8,,,,,,,
2023-12-17 20:48:00,Payload OFF In Sunlit
2023-12-17T20:49:00,Send_Command-Nadir_Point,ADCS_ATT_CTL_POINT_NADIR,0,0x10,0xA0,0x13,0x00,0x00,0x00,0x00,0x00,0x00,0x00,0x00,0x02,0x00,0x00,0x00,0x00,
60,Send_Command-Payload_ON ,POWER_ON_PAYLOAD,0,0x20,0xA1,0x04,0x0,0x00,0x00,0x00,0x00,0x31,0x99,,,,,,,
2023-12-17 20:55:00,Send_Command-Payload OFF ,POWER_OFF_PAYLOAD,0,0x20,0xA0,0x04,0x0,0x00,0x00,0x00,0x00,0x89,0xF8,,,,,,,
2023-12-17 20:55:00,Payload OFF In Sunlit
2023-12-17T20:56:00,Send_Command-Nadir_Point,ADCS_ATT_CTL_POINT_NADIR,0,0x10,0xA0,0x13,0x00,0x00,0x00,0x00,0x00,0x00,0x00,0x00,0x02,0x00,0x00,0x00,0x00,
60,Send_Command-Payload_ON ,POWER_ON_PAYLOAD,0,0x20,0xA1,0x04,0x0,0x00,0x00,0x00,0x00,0x31,0x99,,,,,,,
2023-12-17 21:03:00,Send_Command-Payload OFF ,POWER_OFF_PAYLOAD,0,0x20,0xA0,0x04,0x0,0x00,0x00,0x00,0x00,0x89,0xF8,,,,,,,
2023-12-17 21:03:00,Payload OFF In Sunlit
2023-12-17T21:04:00,Send_Command-Nadir_Point,ADCS_ATT_CTL_POINT_NADIR,0,0x10,0xA0,0x13,0x00,0x00,0x00,0x00,0x00,0x00,0x00,0x00,0x02,0x00,0x00,0x00,0x00,
60,Send_Command-Payload_ON ,POWER_ON_PAYLOAD,0,0x20,0xA1,0x04,0x0,0x00,0x00,0x00,0x00,0x31,0x99,,,,,,,
2023-12-17 21:11:00,Send_Command-Payload OFF ,POWER_OFF_PAYLOAD,0,0x20,0xA0,0x04,0x0,0x00,0x00,0x00,0x00,0x89,0xF8,,,,,,,
2023-12-17 21:11:00,Payload OFF In Sunlit
 Ground_Station Pass-New_Zealand 2023-12-17 21:11:52Z 2023-12-17 21:18:39Z 
2023-12-17 21:11:52,Send_Command-Data_Downlink ,ADCS_ATT_CTL_POINT_LLA,0,0x10,0xA0,0x16,0x00,0x00,0x00,0x00,0x00,0x00,0x00,0x00,0x00,0x00,0x00,0x00 ,379a23c2,d1e22e43,602f0249
2023-12-17T21:19:00,Send_Command-Nadir_Point,ADCS_ATT_CTL_POINT_NADIR,0,0x10,0xA0,0x13,0x00,0x00,0x00,0x00,0x00,0x00,0x00,0x00,0x02,0x00,0x00,0x00,0x00,
60,Send_Command-Payload_ON ,POWER_ON_PAYLOAD,0,0x20,0xA1,0x04,0x0,0x00,0x00,0x00,0x00,0x31,0x99,,,,,,,
2023-12-17 21:40:00,Send_Command-Payload OFF ,POWER_OFF_PAYLOAD,0,0x20,0xA0,0x04,0x0,0x00,0x00,0x00,0x00,0x89,0xF8,,,,,,,
2023-12-17 21:40:00,Eclipse
2023-12-17 22:15:00,Payload OFF In Sunlit
2023-12-17T22:16:00,Send_Command-Nadir_Point,ADCS_ATT_CTL_POINT_NADIR,0,0x10,0xA0,0x13,0x00,0x00,0x00,0x00,0x00,0x00,0x00,0x00,0x02,0x00,0x00,0x00,0x00,
60,Send_Command-Payload_ON ,POWER_ON_PAYLOAD,0,0x20,0xA1,0x04,0x0,0x00,0x00,0x00,0x00,0x31,0x99,,,,,,,
2023-12-17 22:20:00,Send_Command-Payload OFF ,POWER_OFF_PAYLOAD,0,0x20,0xA0,0x04,0x0,0x00,0x00,0x00,0x00,0x89,0xF8,,,,,,,
2023-12-17 22:20:00,Payload OFF In Sunlit
2023-12-17T22:21:00,Send_Command-Nadir_Point,ADCS_ATT_CTL_POINT_NADIR,0,0x10,0xA0,0x13,0x00,0x00,0x00,0x00,0x00,0x00,0x00,0x00,0x02,0x00,0x00,0x00,0x00,
60,Send_Command-Payload_ON ,POWER_ON_PAYLOAD,0,0x20,0xA1,0x04,0x0,0x00,0x00,0x00,0x00,0x31,0x99,,,,,,,
2023-12-17 22:27:00,Send_Command-Payload OFF ,POWER_OFF_PAYLOAD,0,0x20,0xA0,0x04,0x0,0x00,0x00,0x00,0x00,0x89,0xF8,,,,,,,
2023-12-17 22:27:00,Payload OFF In Sunlit
2023-12-17T22:28:00,Send_Command-Nadir_Point,ADCS_ATT_CTL_POINT_NADIR,0,0x10,0xA0,0x13,0x00,0x00,0x00,0x00,0x00,0x00,0x00,0x00,0x02,0x00,0x00,0x00,0x00,
60,Send_Command-Payload_ON ,POWER_ON_PAYLOAD,0,0x20,0xA1,0x04,0x0,0x00,0x00,0x00,0x00,0x31,0x99,,,,,,,
2023-12-17 22:35:00,Send_Command-Payload OFF ,POWER_OFF_PAYLOAD,0,0x20,0xA0,0x04,0x0,0x00,0x00,0x00,0x00,0x89,0xF8,,,,,,,
2023-12-17 22:35:00,Payload OFF In Sunlit
2023-12-17T22:36:00,Send_Command-Nadir_Point,ADCS_ATT_CTL_POINT_NADIR,0,0x10,0xA0,0x13,0x00,0x00,0x00,0x00,0x00,0x00,0x00,0x00,0x02,0x00,0x00,0x00,0x00,
60,Send_Command-Payload_ON ,POWER_ON_PAYLOAD,0,0x20,0xA1,0x04,0x0,0x00,0x00,0x00,0x00,0x31,0x99,,,,,,,
2023-12-17 22:43:00,Send_Command-Payload OFF ,POWER_OFF_PAYLOAD,0,0x20,0xA0,0x04,0x0,0x00,0x00,0x00,0x00,0x89,0xF8,,,,,,,
2023-12-17 22:43:00,Payload OFF In Sunlit
2023-12-17T22:44:00,Send_Command-Nadir_Point,ADCS_ATT_CTL_POINT_NADIR,0,0x10,0xA0,0x13,0x00,0x00,0x00,0x00,0x00,0x00,0x00,0x00,0x02,0x00,0x00,0x00,0x00,
60,Send_Command-Payload_ON ,POWER_ON_PAYLOAD,0,0x20,0xA1,0x04,0x0,0x00,0x00,0x00,0x00,0x31,0x99,,,,,,,
2023-12-17T22:44:30,Send_Command-Payload OFF ,POWER_OFF_PAYLOAD,0,0x20,0xA0,0x04,0x0,0x00,0x00,0x00,0x00,0x89,0xF8,,,,,,,
 Ground_Station Pass-New_Zealand 2023-12-17 22:44:23Z 2023-12-17 22:53:45Z 
2023-12-17 22:44:23,Send_Command-Data_Downlink ,ADCS_ATT_CTL_POINT_LLA,0,0x10,0xA0,0x16,0x00,0x00,0x00,0x00,0x00,0x00,0x00,0x00,0x00,0x00,0x00,0x00 ,379a23c2,d1e22e43,ae330149
2023-12-17T22:54:00,Send_Command-Nadir_Point,ADCS_ATT_CTL_POINT_NADIR,0,0x10,0xA0,0x13,0x00,0x00,0x00,0x00,0x00,0x00,0x00,0x00,0x02,0x00,0x00,0x00,0x00,
60,Send_Command-Payload_ON ,POWER_ON_PAYLOAD,0,0x20,0xA1,0x04,0x0,0x00,0x00,0x00,0x00,0x31,0x99,,,,,,,
2023-12-17 23:15:00,Send_Command-Payload OFF ,POWER_OFF_PAYLOAD,0,0x20,0xA0,0x04,0x0,0x00,0x00,0x00,0x00,0x89,0xF8,,,,,,,
2023-12-17 23:15:00,Eclipse
2023-12-17T23:50:00,Send_Command-Nadir_Point,ADCS_ATT_CTL_POINT_NADIR,0,0x10,0xA0,0x13,0x00,0x00,0x00,0x00,0x00,0x00,0x00,0x00,0x02,0x00,0x00,0x00,0x00,
60,Send_Command-Payload_ON ,POWER_ON_PAYLOAD,0,0x20,0xA1,0x04,0x0,0x00,0x00,0x00,0x00,0x31,0x99,,,,,,,
2023-12-17 23:59:00,Send_Command-Payload OFF ,POWER_OFF_PAYLOAD,0,0x20,0xA0,0x04,0x0,0x00,0x00,0x00,0x00,0x89,0xF8,,,,,,,
2023-12-17 23:59:00,Payload OFF In Sunlit
2023-12-18T00:00:00,Send_Command-Nadir_Point,ADCS_ATT_CTL_POINT_NADIR,0,0x10,0xA0,0x13,0x00,0x00,0x00,0x00,0x00,0x00,0x00,0x00,0x02,0x00,0x00,0x00,0x00,
60,Send_Command-Payload_ON ,POWER_ON_PAYLOAD,0,0x20,0xA1,0x04,0x0,0x00,0x00,0x00,0x00,0x31,0x99,,,,,,,
2023-12-18 00:07:00,Send_Command-Payload OFF ,POWER_OFF_PAYLOAD,0,0x20,0xA0,0x04,0x0,0x00,0x00,0x00,0x00,0x89,0xF8,,,,,,,
2023-12-18 00:07:00,Payload OFF In Sunlit
2023-12-18T00:08:00,Send_Command-Nadir_Point,ADCS_ATT_CTL_POINT_NADIR,0,0x10,0xA0,0x13,0x00,0x00,0x00,0x00,0x00,0x00,0x00,0x00,0x02,0x00,0x00,0x00,0x00,
60,Send_Command-Payload_ON ,POWER_ON_PAYLOAD,0,0x20,0xA1,0x04,0x0,0x00,0x00,0x00,0x00,0x31,0x99,,,,,,,
2023-12-18 00:15:00,Send_Command-Payload OFF ,POWER_OFF_PAYLOAD,0,0x20,0xA0,0x04,0x0,0x00,0x00,0x00,0x00,0x89,0xF8,,,,,,,
2023-12-18 00:15:00,Payload OFF In Sunlit
2023-12-18T00:16:00,Send_Command-Nadir_Point,ADCS_ATT_CTL_POINT_NADIR,0,0x10,0xA0,0x13,0x00,0x00,0x00,0x00,0x00,0x00,0x00,0x00,0x02,0x00,0x00,0x00,0x00,
60,Send_Command-Payload_ON ,POWER_ON_PAYLOAD,0,0x20,0xA1,0x04,0x0,0x00,0x00,0x00,0x00,0x31,0x99,,,,,,,
2023-12-18 00:22:00,Send_Command-Payload OFF ,POWER_OFF_PAYLOAD,0,0x20,0xA0,0x04,0x0,0x00,0x00,0x00,0x00,0x89,0xF8,,,,,,,
2023-12-18 00:22:00,Payload OFF In Sunlit
2023-12-18T00:23:00,Send_Command-Nadir_Point,ADCS_ATT_CTL_POINT_NADIR,0,0x10,0xA0,0x13,0x00,0x00,0x00,0x00,0x00,0x00,0x00,0x00,0x02,0x00,0x00,0x00,0x00,
60,Send_Command-Payload_ON ,POWER_ON_PAYLOAD,0,0x20,0xA1,0x04,0x0,0x00,0x00,0x00,0x00,0x31,0x99,,,,,,,
2023-12-18 00:30:00,Send_Command-Payload OFF ,POWER_OFF_PAYLOAD,0,0x20,0xA0,0x04,0x0,0x00,0x00,0x00,0x00,0x89,0xF8,,,,,,,
2023-12-18 00:30:00,Payload OFF In Sunlit
2023-12-18T00:31:00,Send_Command-Nadir_Point,ADCS_ATT_CTL_POINT_NADIR,0,0x10,0xA0,0x13,0x00,0x00,0x00,0x00,0x00,0x00,0x00,0x00,0x02,0x00,0x00,0x00,0x00,
60,Send_Command-Payload_ON ,POWER_ON_PAYLOAD,0,0x20,0xA1,0x04,0x0,0x00,0x00,0x00,0x00,0x31,0x99,,,,,,,
2023-12-18 00:38:00,Send_Command-Payload OFF ,POWER_OFF_PAYLOAD,0,0x20,0xA0,0x04,0x0,0x00,0x00,0x00,0x00,0x89,0xF8,,,,,,,
2023-12-18 00:38:00,Payload OFF In Sunlit
2023-12-18T00:39:00,Send_Command-Nadir_Point,ADCS_ATT_CTL_POINT_NADIR,0,0x10,0xA0,0x13,0x00,0x00,0x00,0x00,0x00,0x00,0x00,0x00,0x02,0x00,0x00,0x00,0x00,
60,Send_Command-Payload_ON ,POWER_ON_PAYLOAD,0,0x20,0xA1,0x04,0x0,0x00,0x00,0x00,0x00,0x31,0x99,,,,,,,
2023-12-18 00:45:00,Send_Command-Payload OFF ,POWER_OFF_PAYLOAD,0,0x20,0xA0,0x04,0x0,0x00,0x00,0x00,0x00,0x89,0xF8,,,,,,,
2023-12-18 00:45:00,Payload OFF In Sunlit
2023-12-18T00:46:00,Send_Command-Nadir_Point,ADCS_ATT_CTL_POINT_NADIR,0,0x10,0xA0,0x13,0x00,0x00,0x00,0x00,0x00,0x00,0x00,0x00,0x02,0x00,0x00,0x00,0x00,
60,Send_Command-Payload_ON ,POWER_ON_PAYLOAD,0,0x20,0xA1,0x04,0x0,0x00,0x00,0x00,0x00,0x31,0x99,,,,,,,
2023-12-18 00:50:00,Send_Command-Payload OFF ,POWER_OFF_PAYLOAD,0,0x20,0xA0,0x04,0x0,0x00,0x00,0x00,0x00,0x89,0xF8,,,,,,,
2023-12-18 00:50:00,Eclipse
2023-12-18 01:25:00,Payload OFF In Sunlit
2023-12-18T01:30:00,Send_Command-Nadir_Point,ADCS_ATT_CTL_POINT_NADIR,0,0x10,0xA0,0x13,0x00,0x00,0x00,0x00,0x00,0x00,0x00,0x00,0x02,0x00,0x00,0x00,0x00,
60,Send_Command-Payload_ON ,POWER_ON_PAYLOAD,0,0x20,0xA1,0x04,0x0,0x00,0x00,0x00,0x00,0x31,0x99,,,,,,,
2023-12-18 01:31:00,Send_Command-Payload OFF ,POWER_OFF_PAYLOAD,0,0x20,0xA0,0x04,0x0,0x00,0x00,0x00,0x00,0x89,0xF8,,,,,,,
2023-12-18 01:31:00,Payload OFF In Sunlit
2023-12-18T01:32:00,Send_Command-Nadir_Point,ADCS_ATT_CTL_POINT_NADIR,0,0x10,0xA0,0x13,0x00,0x00,0x00,0x00,0x00,0x00,0x00,0x00,0x02,0x00,0x00,0x00,0x00,
60,Send_Command-Payload_ON ,POWER_ON_PAYLOAD,0,0x20,0xA1,0x04,0x0,0x00,0x00,0x00,0x00,0x31,0x99,,,,,,,
2023-12-18T01:35:30,Send_Command-Payload OFF ,POWER_OFF_PAYLOAD,0,0x20,0xA0,0x04,0x0,0x00,0x00,0x00,0x00,0x89,0xF8,,,,,,,
 Ground_Station Pass-Seoul 2023-12-18 01:35:02Z 2023-12-18 01:43:05Z 
2023-12-18 01:35:02,Send_Command-Data_Downlink ,ADCS_ATT_CTL_POINT_LLA,0,0x10,0xA0,0x16,0x00,0x00,0x00,0x00,0x00,0x00,0x00,0x00,0x00,0x00,0x00,0x00 ,25351642,cdfbfd42,6678ff48
2023-12-18T01:44:00,Send_Command-Nadir_Point,ADCS_ATT_CTL_POINT_NADIR,0,0x10,0xA0,0x13,0x00,0x00,0x00,0x00,0x00,0x00,0x00,0x00,0x02,0x00,0x00,0x00,0x00,
60,Send_Command-Payload_ON ,POWER_ON_PAYLOAD,0,0x20,0xA1,0x04,0x0,0x00,0x00,0x00,0x00,0x31,0x99,,,,,,,
2023-12-18 02:25:00,Send_Command-Payload OFF ,POWER_OFF_PAYLOAD,0,0x20,0xA0,0x04,0x0,0x00,0x00,0x00,0x00,0x89,0xF8,,,,,,,
2023-12-18 02:25:00,Eclipse
2023-12-18 03:00:00,Payload OFF In Sunlit
2023-12-18T03:04:00,Send_Command-Nadir_Point,ADCS_ATT_CTL_POINT_NADIR,0,0x10,0xA0,0x13,0x00,0x00,0x00,0x00,0x00,0x00,0x00,0x00,0x02,0x00,0x00,0x00,0x00,
60,Send_Command-Payload_ON ,POWER_ON_PAYLOAD,0,0x20,0xA1,0x04,0x0,0x00,0x00,0x00,0x00,0x31,0x99,,,,,,,
2023-12-18T03:09:30,Send_Command-Payload OFF ,POWER_OFF_PAYLOAD,0,0x20,0xA0,0x04,0x0,0x00,0x00,0x00,0x00,0x89,0xF8,,,,,,,
 Ground_Station Pass-Seoul 2023-12-18 03:09:07Z 2023-12-18 03:17:13Z 
2023-12-18 03:09:07,Send_Command-Data_Downlink ,ADCS_ATT_CTL_POINT_LLA,0,0x10,0xA0,0x16,0x00,0x00,0x00,0x00,0x00,0x00,0x00,0x00,0x00,0x00,0x00,0x00 ,25351642,cdfbfd42,66ffff48
2023-12-18T03:18:00,Send_Command-Nadir_Point,ADCS_ATT_CTL_POINT_NADIR,0,0x10,0xA0,0x13,0x00,0x00,0x00,0x00,0x00,0x00,0x00,0x00,0x02,0x00,0x00,0x00,0x00,
60,Send_Command-Payload_ON ,POWER_ON_PAYLOAD,0,0x20,0xA1,0x04,0x0,0x00,0x00,0x00,0x00,0x31,0x99,,,,,,,
2023-12-18 04:01:00,Send_Command-Payload OFF ,POWER_OFF_PAYLOAD,0,0x20,0xA0,0x04,0x0,0x00,0x00,0x00,0x00,0x89,0xF8,,,,,,,
2023-12-18 04:01:00,Eclipse
2023-12-18 04:35:00,Payload OFF In Sunlit
2023-12-18T04:39:00,Send_Command-Nadir_Point,ADCS_ATT_CTL_POINT_NADIR,0,0x10,0xA0,0x13,0x00,0x00,0x00,0x00,0x00,0x00,0x00,0x00,0x02,0x00,0x00,0x00,0x00,
60,Send_Command-Payload_ON ,POWER_ON_PAYLOAD,0,0x20,0xA1,0x04,0x0,0x00,0x00,0x00,0x00,0x31,0x99,,,,,,,
2023-12-18 04:43:00,Send_Command-Payload OFF ,POWER_OFF_PAYLOAD,0,0x20,0xA0,0x04,0x0,0x00,0x00,0x00,0x00,0x89,0xF8,,,,,,,
2023-12-18 04:43:00,Payload OFF In Sunlit
2023-12-18T04:44:00,Send_Command-Nadir_Point,ADCS_ATT_CTL_POINT_NADIR,0,0x10,0xA0,0x13,0x00,0x00,0x00,0x00,0x00,0x00,0x00,0x00,0x02,0x00,0x00,0x00,0x00,
60,Send_Command-Payload_ON ,POWER_ON_PAYLOAD,0,0x20,0xA1,0x04,0x0,0x00,0x00,0x00,0x00,0x31,0x99,,,,,,,
2023-12-18 04:51:00,Send_Command-Payload OFF ,POWER_OFF_PAYLOAD,0,0x20,0xA0,0x04,0x0,0x00,0x00,0x00,0x00,0x89,0xF8,,,,,,,
2023-12-18 04:51:00,Payload OFF In Sunlit
 Ground_Station Pass-Bangalore 2023-12-18 04:51:41Z 2023-12-18 05:00:07Z 
2023-12-18 04:51:41,Send_Command-Data_Downlink ,ADCS_ATT_CTL_POINT_LLA,0,0x10,0xA0,0x16,0x00,0x00,0x00,0x00,0x00,0x00,0x00,0x00,0x00,0x00,0x00,0x00 ,ac8b4f41,6f309b42,087dfd48
2023-12-18T05:01:00,Send_Command-Nadir_Point,ADCS_ATT_CTL_POINT_NADIR,0,0x10,0xA0,0x13,0x00,0x00,0x00,0x00,0x00,0x00,0x00,0x00,0x02,0x00,0x00,0x00,0x00,
60,Send_Command-Payload_ON ,POWER_ON_PAYLOAD,0,0x20,0xA1,0x04,0x0,0x00,0x00,0x00,0x00,0x31,0x99,,,,,,,
2023-12-18 05:36:00,Send_Command-Payload OFF ,POWER_OFF_PAYLOAD,0,0x20,0xA0,0x04,0x0,0x00,0x00,0x00,0x00,0x89,0xF8,,,,,,,
2023-12-18 05:36:00,Eclipse
2023-12-18 06:10:00,Payload OFF In Sunlit
2023-12-18T06:11:00,Send_Command-Nadir_Point,ADCS_ATT_CTL_POINT_NADIR,0,0x10,0xA0,0x13,0x00,0x00,0x00,0x00,0x00,0x00,0x00,0x00,0x02,0x00,0x00,0x00,0x00,
60,Send_Command-Payload_ON ,POWER_ON_PAYLOAD,0,0x20,0xA1,0x04,0x0,0x00,0x00,0x00,0x00,0x31,0x99,,,,,,,
2023-12-18 06:15:00,Send_Command-Payload OFF ,POWER_OFF_PAYLOAD,0,0x20,0xA0,0x04,0x0,0x00,0x00,0x00,0x00,0x89,0xF8,,,,,,,
2023-12-18 06:15:00,Payload OFF In Sunlit
2023-12-18T06:16:00,Send_Command-Nadir_Point,ADCS_ATT_CTL_POINT_NADIR,0,0x10,0xA0,0x13,0x00,0x00,0x00,0x00,0x00,0x00,0x00,0x00,0x02,0x00,0x00,0x00,0x00,
60,Send_Command-Payload_ON ,POWER_ON_PAYLOAD,0,0x20,0xA1,0x04,0x0,0x00,0x00,0x00,0x00,0x31,0x99,,,,,,,
2023-12-18 06:23:00,Send_Command-Payload OFF ,POWER_OFF_PAYLOAD,0,0x20,0xA0,0x04,0x0,0x00,0x00,0x00,0x00,0x89,0xF8,,,,,,,
2023-12-18 06:23:00,Payload OFF In Sunlit
2023-12-18T06:24:00,Send_Command-Nadir_Point,ADCS_ATT_CTL_POINT_NADIR,0,0x10,0xA0,0x13,0x00,0x00,0x00,0x00,0x00,0x00,0x00,0x00,0x02,0x00,0x00,0x00,0x00,
60,Send_Command-Payload_ON ,POWER_ON_PAYLOAD,0,0x20,0xA1,0x04,0x0,0x00,0x00,0x00,0x00,0x31,0x99,,,,,,,
2023-12-18T06:27:30,Send_Command-Payload OFF ,POWER_OFF_PAYLOAD,0,0x20,0xA0,0x04,0x0,0x00,0x00,0x00,0x00,0x89,0xF8,,,,,,,
 Ground_Station Pass-Bangalore 2023-12-18 06:27:08Z 2023-12-18 06:32:24Z 
2023-12-18 06:27:08,Send_Command-Data_Downlink ,ADCS_ATT_CTL_POINT_LLA,0,0x10,0xA0,0x16,0x00,0x00,0x00,0x00,0x00,0x00,0x00,0x00,0x00,0x00,0x00,0x00 ,ac8b4f41,6f309b42,095afd48
2023-12-18T06:33:00,Send_Command-Nadir_Point,ADCS_ATT_CTL_POINT_NADIR,0,0x10,0xA0,0x13,0x00,0x00,0x00,0x00,0x00,0x00,0x00,0x00,0x02,0x00,0x00,0x00,0x00,
60,Send_Command-Payload_ON ,POWER_ON_PAYLOAD,0,0x20,0xA1,0x04,0x0,0x00,0x00,0x00,0x00,0x31,0x99,,,,,,,
2023-12-18 07:09:00,Send_Command-Payload OFF ,POWER_OFF_PAYLOAD,0,0x20,0xA0,0x04,0x0,0x00,0x00,0x00,0x00,0x89,0xF8,,,,,,,
2023-12-18 07:09:00,Payload OFF In Sunlit
2023-12-18T07:10:00,Send_Command-Nadir_Point,ADCS_ATT_CTL_POINT_NADIR,0,0x10,0xA0,0x13,0x00,0x00,0x00,0x00,0x00,0x00,0x00,0x00,0x02,0x00,0x00,0x00,0x00,
60,Send_Command-Payload_ON ,POWER_ON_PAYLOAD,0,0x20,0xA1,0x04,0x0,0x00,0x00,0x00,0x00,0x31,0x99,,,,,,,
2023-12-18 07:11:00,Send_Command-Payload OFF ,POWER_OFF_PAYLOAD,0,0x20,0xA0,0x04,0x0,0x00,0x00,0x00,0x00,0x89,0xF8,,,,,,,
2023-12-18 07:11:00,Eclipse
2023-12-18 07:46:00,Payload OFF In Sunlit
2023-12-18T07:51:00,Send_Command-Nadir_Point,ADCS_ATT_CTL_POINT_NADIR,0,0x10,0xA0,0x13,0x00,0x00,0x00,0x00,0x00,0x00,0x00,0x00,0x02,0x00,0x00,0x00,0x00,
60,Send_Command-Payload_ON ,POWER_ON_PAYLOAD,0,0x20,0xA1,0x04,0x0,0x00,0x00,0x00,0x00,0x31,0x99,,,,,,,
2023-12-18 07:55:00,Send_Command-Payload OFF ,POWER_OFF_PAYLOAD,0,0x20,0xA0,0x04,0x0,0x00,0x00,0x00,0x00,0x89,0xF8,,,,,,,
2023-12-18 07:55:00,Payload OFF In Sunlit
2023-12-18T07:56:00,Send_Command-Nadir_Point,ADCS_ATT_CTL_POINT_NADIR,0,0x10,0xA0,0x13,0x00,0x00,0x00,0x00,0x00,0x00,0x00,0x00,0x02,0x00,0x00,0x00,0x00,
60,Send_Command-Payload_ON ,POWER_ON_PAYLOAD,0,0x20,0xA1,0x04,0x0,0x00,0x00,0x00,0x00,0x31,0x99,,,,,,,
2023-12-18 08:02:00,Send_Command-Payload OFF ,POWER_OFF_PAYLOAD,0,0x20,0xA0,0x04,0x0,0x00,0x00,0x00,0x00,0x89,0xF8,,,,,,,
2023-12-18 08:02:00,Payload OFF In Sunlit
2023-12-18T08:03:00,Send_Command-Nadir_Point,ADCS_ATT_CTL_POINT_NADIR,0,0x10,0xA0,0x13,0x00,0x00,0x00,0x00,0x00,0x00,0x00,0x00,0x02,0x00,0x00,0x00,0x00,
60,Send_Command-Payload_ON ,POWER_ON_PAYLOAD,0,0x20,0xA1,0x04,0x0,0x00,0x00,0x00,0x00,0x31,0x99,,,,,,,
2023-12-18 08:10:00,Send_Command-Payload OFF ,POWER_OFF_PAYLOAD,0,0x20,0xA0,0x04,0x0,0x00,0x00,0x00,0x00,0x89,0xF8,,,,,,,
2023-12-18 08:10:00,Payload OFF In Sunlit
2023-12-18T08:11:00,Send_Command-Nadir_Point,ADCS_ATT_CTL_POINT_NADIR,0,0x10,0xA0,0x13,0x00,0x00,0x00,0x00,0x00,0x00,0x00,0x00,0x02,0x00,0x00,0x00,0x00,
60,Send_Command-Payload_ON ,POWER_ON_PAYLOAD,0,0x20,0xA1,0x04,0x0,0x00,0x00,0x00,0x00,0x31,0x99,,,,,,,
2023-12-18 08:18:00,Send_Command-Payload OFF ,POWER_OFF_PAYLOAD,0,0x20,0xA0,0x04,0x0,0x00,0x00,0x00,0x00,0x89,0xF8,,,,,,,
2023-12-18 08:18:00,Payload OFF In Sunlit
2023-12-18T08:19:00,Send_Command-Nadir_Point,ADCS_ATT_CTL_POINT_NADIR,0,0x10,0xA0,0x13,0x00,0x00,0x00,0x00,0x00,0x00,0x00,0x00,0x02,0x00,0x00,0x00,0x00,
60,Send_Command-Payload_ON ,POWER_ON_PAYLOAD,0,0x20,0xA1,0x04,0x0,0x00,0x00,0x00,0x00,0x31,0x99,,,,,,,
2023-12-18 08:25:00,Send_Command-Payload OFF ,POWER_OFF_PAYLOAD,0,0x20,0xA0,0x04,0x0,0x00,0x00,0x00,0x00,0x89,0xF8,,,,,,,
2023-12-18 08:25:00,Payload OFF In Sunlit
2023-12-18T08:26:00,Send_Command-Nadir_Point,ADCS_ATT_CTL_POINT_NADIR,0,0x10,0xA0,0x13,0x00,0x00,0x00,0x00,0x00,0x00,0x00,0x00,0x02,0x00,0x00,0x00,0x00,
60,Send_Command-Payload_ON ,POWER_ON_PAYLOAD,0,0x20,0xA1,0x04,0x0,0x00,0x00,0x00,0x00,0x31,0x99,,,,,,,
2023-12-18 08:33:00,Send_Command-Payload OFF ,POWER_OFF_PAYLOAD,0,0x20,0xA0,0x04,0x0,0x00,0x00,0x00,0x00,0x89,0xF8,,,,,,,
2023-12-18 08:33:00,Payload OFF In Sunlit
2023-12-18T08:34:00,Send_Command-Nadir_Point,ADCS_ATT_CTL_POINT_NADIR,0,0x10,0xA0,0x13,0x00,0x00,0x00,0x00,0x00,0x00,0x00,0x00,0x02,0x00,0x00,0x00,0x00,
60,Send_Command-Payload_ON ,POWER_ON_PAYLOAD,0,0x20,0xA1,0x04,0x0,0x00,0x00,0x00,0x00,0x31,0x99,,,,,,,
2023-12-18 08:41:00,Send_Command-Payload OFF ,POWER_OFF_PAYLOAD,0,0x20,0xA0,0x04,0x0,0x00,0x00,0x00,0x00,0x89,0xF8,,,,,,,
2023-12-18 08:41:00,Payload OFF In Sunlit
2023-12-18T08:42:00,Send_Command-Nadir_Point,ADCS_ATT_CTL_POINT_NADIR,0,0x10,0xA0,0x13,0x00,0x00,0x00,0x00,0x00,0x00,0x00,0x00,0x02,0x00,0x00,0x00,0x00,
60,Send_Command-Payload_ON ,POWER_ON_PAYLOAD,0,0x20,0xA1,0x04,0x0,0x00,0x00,0x00,0x00,0x31,0x99,,,,,,,
2023-12-18 08:46:00,Send_Command-Payload OFF ,POWER_OFF_PAYLOAD,0,0x20,0xA0,0x04,0x0,0x00,0x00,0x00,0x00,0x89,0xF8,,,,,,,
2023-12-18 08:46:00,Eclipse
2023-12-18 09:21:00,Payload OFF In Sunlit
2023-12-18T09:26:00,Send_Command-Nadir_Point,ADCS_ATT_CTL_POINT_NADIR,0,0x10,0xA0,0x13,0x00,0x00,0x00,0x00,0x00,0x00,0x00,0x00,0x02,0x00,0x00,0x00,0x00,
60,Send_Command-Payload_ON ,POWER_ON_PAYLOAD,0,0x20,0xA1,0x04,0x0,0x00,0x00,0x00,0x00,0x31,0x99,,,,,,,
2023-12-18 09:27:00,Send_Command-Payload OFF ,POWER_OFF_PAYLOAD,0,0x20,0xA0,0x04,0x0,0x00,0x00,0x00,0x00,0x89,0xF8,,,,,,,
2023-12-18 09:27:00,Payload OFF In Sunlit
2023-12-18T09:28:00,Send_Command-Nadir_Point,ADCS_ATT_CTL_POINT_NADIR,0,0x10,0xA0,0x13,0x00,0x00,0x00,0x00,0x00,0x00,0x00,0x00,0x02,0x00,0x00,0x00,0x00,
60,Send_Command-Payload_ON ,POWER_ON_PAYLOAD,0,0x20,0xA1,0x04,0x0,0x00,0x00,0x00,0x00,0x31,0x99,,,,,,,
2023-12-18 09:34:00,Send_Command-Payload OFF ,POWER_OFF_PAYLOAD,0,0x20,0xA0,0x04,0x0,0x00,0x00,0x00,0x00,0x89,0xF8,,,,,,,
2023-12-18 09:34:00,Payload OFF In Sunlit
2023-12-18T09:35:00,Send_Command-Nadir_Point,ADCS_ATT_CTL_POINT_NADIR,0,0x10,0xA0,0x13,0x00,0x00,0x00,0x00,0x00,0x00,0x00,0x00,0x02,0x00,0x00,0x00,0x00,
60,Send_Command-Payload_ON ,POWER_ON_PAYLOAD,0,0x20,0xA1,0x04,0x0,0x00,0x00,0x00,0x00,0x31,0x99,,,,,,,
2023-12-18 09:42:00,Send_Command-Payload OFF ,POWER_OFF_PAYLOAD,0,0x20,0xA0,0x04,0x0,0x00,0x00,0x00,0x00,0x89,0xF8,,,,,,,
2023-12-18 09:42:00,Payload OFF In Sunlit
2023-12-18T09:43:00,Send_Command-Nadir_Point,ADCS_ATT_CTL_POINT_NADIR,0,0x10,0xA0,0x13,0x00,0x00,0x00,0x00,0x00,0x00,0x00,0x00,0x02,0x00,0x00,0x00,0x00,
60,Send_Command-Payload_ON ,POWER_ON_PAYLOAD,0,0x20,0xA1,0x04,0x0,0x00,0x00,0x00,0x00,0x31,0x99,,,,,,,
2023-12-18 09:50:00,Send_Command-Payload OFF ,POWER_OFF_PAYLOAD,0,0x20,0xA0,0x04,0x0,0x00,0x00,0x00,0x00,0x89,0xF8,,,,,,,
2023-12-18 09:50:00,Payload OFF In Sunlit
2023-12-18T09:51:00,Send_Command-Nadir_Point,ADCS_ATT_CTL_POINT_NADIR,0,0x10,0xA0,0x13,0x00,0x00,0x00,0x00,0x00,0x00,0x00,0x00,0x02,0x00,0x00,0x00,0x00,
60,Send_Command-Payload_ON ,POWER_ON_PAYLOAD,0,0x20,0xA1,0x04,0x0,0x00,0x00,0x00,0x00,0x31,0x99,,,,,,,
2023-12-18 09:57:00,Send_Command-Payload OFF ,POWER_OFF_PAYLOAD,0,0x20,0xA0,0x04,0x0,0x00,0x00,0x00,0x00,0x89,0xF8,,,,,,,
2023-12-18 09:57:00,Payload OFF In Sunlit
2023-12-18T09:58:00,Send_Command-Nadir_Point,ADCS_ATT_CTL_POINT_NADIR,0,0x10,0xA0,0x13,0x00,0x00,0x00,0x00,0x00,0x00,0x00,0x00,0x02,0x00,0x00,0x00,0x00,
60,Send_Command-Payload_ON ,POWER_ON_PAYLOAD,0,0x20,0xA1,0x04,0x0,0x00,0x00,0x00,0x00,0x31,0x99,,,,,,,
2023-12-18 10:05:00,Send_Command-Payload OFF ,POWER_OFF_PAYLOAD,0,0x20,0xA0,0x04,0x0,0x00,0x00,0x00,0x00,0x89,0xF8,,,,,,,
2023-12-18 10:05:00,Payload OFF In Sunlit
2023-12-18T10:06:00,Send_Command-Nadir_Point,ADCS_ATT_CTL_POINT_NADIR,0,0x10,0xA0,0x13,0x00,0x00,0x00,0x00,0x00,0x00,0x00,0x00,0x02,0x00,0x00,0x00,0x00,
60,Send_Command-Payload_ON ,POWER_ON_PAYLOAD,0,0x20,0xA1,0x04,0x0,0x00,0x00,0x00,0x00,0x31,0x99,,,,,,,
2023-12-18 10:13:00,Send_Command-Payload OFF ,POWER_OFF_PAYLOAD,0,0x20,0xA0,0x04,0x0,0x00,0x00,0x00,0x00,0x89,0xF8,,,,,,,
2023-12-18 10:13:00,Payload OFF In Sunlit
2023-12-18T10:14:00,Send_Command-Nadir_Point,ADCS_ATT_CTL_POINT_NADIR,0,0x10,0xA0,0x13,0x00,0x00,0x00,0x00,0x00,0x00,0x00,0x00,0x02,0x00,0x00,0x00,0x00,
60,Send_Command-Payload_ON ,POWER_ON_PAYLOAD,0,0x20,0xA1,0x04,0x0,0x00,0x00,0x00,0x00,0x31,0x99,,,,,,,
2023-12-18T10:17:30,Send_Command-Payload OFF ,POWER_OFF_PAYLOAD,0,0x20,0xA0,0x04,0x0,0x00,0x00,0x00,0x00,0x89,0xF8,,,,,,,
 Ground_Station Pass-New_Zealand 2023-12-18 10:17:33Z 2023-12-18 10:25:32Z 
2023-12-18 10:17:33,Send_Command-Data_Downlink ,ADCS_ATT_CTL_POINT_LLA,0,0x10,0xA0,0x16,0x00,0x00,0x00,0x00,0x00,0x00,0x00,0x00,0x00,0x00,0x00,0x00 ,379a23c2,d1e22e43,af6f0649
2023-12-18 10:21:00,Data Downlink in Eclipse 
2023-12-18 10:26:00,Eclipse
2023-12-18 10:56:00,Payload OFF In Sunlit
2023-12-18T10:58:00,Send_Command-Nadir_Point,ADCS_ATT_CTL_POINT_NADIR,0,0x10,0xA0,0x13,0x00,0x00,0x00,0x00,0x00,0x00,0x00,0x00,0x02,0x00,0x00,0x00,0x00,
60,Send_Command-Payload_ON ,POWER_ON_PAYLOAD,0,0x20,0xA1,0x04,0x0,0x00,0x00,0x00,0x00,0x31,0x99,,,,,,,
2023-12-18 10:59:00,Send_Command-Payload OFF ,POWER_OFF_PAYLOAD,0,0x20,0xA0,0x04,0x0,0x00,0x00,0x00,0x00,0x89,0xF8,,,,,,,
2023-12-18 10:59:00,Payload OFF In Sunlit
2023-12-18T11:00:00,Send_Command-Nadir_Point,ADCS_ATT_CTL_POINT_NADIR,0,0x10,0xA0,0x13,0x00,0x00,0x00,0x00,0x00,0x00,0x00,0x00,0x02,0x00,0x00,0x00,0x00,
60,Send_Command-Payload_ON ,POWER_ON_PAYLOAD,0,0x20,0xA1,0x04,0x0,0x00,0x00,0x00,0x00,0x31,0x99,,,,,,,
2023-12-18 11:06:00,Send_Command-Payload OFF ,POWER_OFF_PAYLOAD,0,0x20,0xA0,0x04,0x0,0x00,0x00,0x00,0x00,0x89,0xF8,,,,,,,
2023-12-18 11:06:00,Payload OFF In Sunlit
2023-12-18T11:07:00,Send_Command-Nadir_Point,ADCS_ATT_CTL_POINT_NADIR,0,0x10,0xA0,0x13,0x00,0x00,0x00,0x00,0x00,0x00,0x00,0x00,0x02,0x00,0x00,0x00,0x00,
60,Send_Command-Payload_ON ,POWER_ON_PAYLOAD,0,0x20,0xA1,0x04,0x0,0x00,0x00,0x00,0x00,0x31,0x99,,,,,,,
2023-12-18 11:14:00,Send_Command-Payload OFF ,POWER_OFF_PAYLOAD,0,0x20,0xA0,0x04,0x0,0x00,0x00,0x00,0x00,0x89,0xF8,,,,,,,
2023-12-18 11:14:00,Payload OFF In Sunlit
2023-12-18T11:15:00,Send_Command-Nadir_Point,ADCS_ATT_CTL_POINT_NADIR,0,0x10,0xA0,0x13,0x00,0x00,0x00,0x00,0x00,0x00,0x00,0x00,0x02,0x00,0x00,0x00,0x00,
60,Send_Command-Payload_ON ,POWER_ON_PAYLOAD,0,0x20,0xA1,0x04,0x0,0x00,0x00,0x00,0x00,0x31,0x99,,,,,,,
2023-12-18 11:22:00,Send_Command-Payload OFF ,POWER_OFF_PAYLOAD,0,0x20,0xA0,0x04,0x0,0x00,0x00,0x00,0x00,0x89,0xF8,,,,,,,
2023-12-18 11:22:00,Payload OFF In Sunlit
2023-12-18T11:23:00,Send_Command-Nadir_Point,ADCS_ATT_CTL_POINT_NADIR,0,0x10,0xA0,0x13,0x00,0x00,0x00,0x00,0x00,0x00,0x00,0x00,0x02,0x00,0x00,0x00,0x00,
60,Send_Command-Payload_ON ,POWER_ON_PAYLOAD,0,0x20,0xA1,0x04,0x0,0x00,0x00,0x00,0x00,0x31,0x99,,,,,,,
2023-12-18 11:29:00,Send_Command-Payload OFF ,POWER_OFF_PAYLOAD,0,0x20,0xA0,0x04,0x0,0x00,0x00,0x00,0x00,0x89,0xF8,,,,,,,
2023-12-18 11:29:00,Payload OFF In Sunlit
2023-12-18T11:30:00,Send_Command-Nadir_Point,ADCS_ATT_CTL_POINT_NADIR,0,0x10,0xA0,0x13,0x00,0x00,0x00,0x00,0x00,0x00,0x00,0x00,0x02,0x00,0x00,0x00,0x00,
60,Send_Command-Payload_ON ,POWER_ON_PAYLOAD,0,0x20,0xA1,0x04,0x0,0x00,0x00,0x00,0x00,0x31,0x99,,,,,,,
2023-12-18 11:37:00,Send_Command-Payload OFF ,POWER_OFF_PAYLOAD,0,0x20,0xA0,0x04,0x0,0x00,0x00,0x00,0x00,0x89,0xF8,,,,,,,
2023-12-18 11:37:00,Payload OFF In Sunlit
2023-12-18T11:38:00,Send_Command-Nadir_Point,ADCS_ATT_CTL_POINT_NADIR,0,0x10,0xA0,0x13,0x00,0x00,0x00,0x00,0x00,0x00,0x00,0x00,0x02,0x00,0x00,0x00,0x00,
60,Send_Command-Payload_ON ,POWER_ON_PAYLOAD,0,0x20,0xA1,0x04,0x0,0x00,0x00,0x00,0x00,0x31,0x99,,,,,,,
2023-12-18 11:45:00,Send_Command-Payload OFF ,POWER_OFF_PAYLOAD,0,0x20,0xA0,0x04,0x0,0x00,0x00,0x00,0x00,0x89,0xF8,,,,,,,
2023-12-18 11:45:00,Payload OFF In Sunlit
2023-12-18T11:46:00,Send_Command-Nadir_Point,ADCS_ATT_CTL_POINT_NADIR,0,0x10,0xA0,0x13,0x00,0x00,0x00,0x00,0x00,0x00,0x00,0x00,0x02,0x00,0x00,0x00,0x00,
60,Send_Command-Payload_ON ,POWER_ON_PAYLOAD,0,0x20,0xA1,0x04,0x0,0x00,0x00,0x00,0x00,0x31,0x99,,,,,,,
2023-12-18T11:51:30,Send_Command-Payload OFF ,POWER_OFF_PAYLOAD,0,0x20,0xA0,0x04,0x0,0x00,0x00,0x00,0x00,0x89,0xF8,,,,,,,
 Ground_Station Pass-New_Zealand 2023-12-18 11:51:19Z 2023-12-18 12:00:16Z 
2023-12-18 11:51:19,Send_Command-Data_Downlink ,ADCS_ATT_CTL_POINT_LLA,0,0x10,0xA0,0x16,0x00,0x00,0x00,0x00,0x00,0x00,0x00,0x00,0x00,0x00,0x00,0x00 ,379a23c2,d1e22e43,f3c90649
2023-12-18 11:56:00,Data Downlink in Eclipse 
2023-12-18 12:01:00,Eclipse
2023-12-18 12:17:00,Data Downlink in Eclipse 
2023-12-18 12:22:00,Eclipse
2023-12-18 12:31:00,Payload OFF In Sunlit
2023-12-18T12:33:00,Send_Command-Nadir_Point,ADCS_ATT_CTL_POINT_NADIR,0,0x10,0xA0,0x13,0x00,0x00,0x00,0x00,0x00,0x00,0x00,0x00,0x02,0x00,0x00,0x00,0x00,
60,Send_Command-Payload_ON ,POWER_ON_PAYLOAD,0,0x20,0xA1,0x04,0x0,0x00,0x00,0x00,0x00,0x31,0x99,,,,,,,
2023-12-18 12:38:00,Send_Command-Payload OFF ,POWER_OFF_PAYLOAD,0,0x20,0xA0,0x04,0x0,0x00,0x00,0x00,0x00,0x89,0xF8,,,,,,,
2023-12-18 12:38:00,Payload OFF In Sunlit
2023-12-18T12:39:00,Send_Command-Nadir_Point,ADCS_ATT_CTL_POINT_NADIR,0,0x10,0xA0,0x13,0x00,0x00,0x00,0x00,0x00,0x00,0x00,0x00,0x02,0x00,0x00,0x00,0x00,
60,Send_Command-Payload_ON ,POWER_ON_PAYLOAD,0,0x20,0xA1,0x04,0x0,0x00,0x00,0x00,0x00,0x31,0x99,,,,,,,
2023-12-18 12:46:00,Send_Command-Payload OFF ,POWER_OFF_PAYLOAD,0,0x20,0xA0,0x04,0x0,0x00,0x00,0x00,0x00,0x89,0xF8,,,,,,,
2023-12-18 12:46:00,Payload OFF In Sunlit
2023-12-18T12:47:00,Send_Command-Nadir_Point,ADCS_ATT_CTL_POINT_NADIR,0,0x10,0xA0,0x13,0x00,0x00,0x00,0x00,0x00,0x00,0x00,0x00,0x02,0x00,0x00,0x00,0x00,
60,Send_Command-Payload_ON ,POWER_ON_PAYLOAD,0,0x20,0xA1,0x04,0x0,0x00,0x00,0x00,0x00,0x31,0x99,,,,,,,
2023-12-18 12:54:00,Send_Command-Payload OFF ,POWER_OFF_PAYLOAD,0,0x20,0xA0,0x04,0x0,0x00,0x00,0x00,0x00,0x89,0xF8,,,,,,,
2023-12-18 12:54:00,Payload OFF In Sunlit
2023-12-18T12:55:00,Send_Command-Nadir_Point,ADCS_ATT_CTL_POINT_NADIR,0,0x10,0xA0,0x13,0x00,0x00,0x00,0x00,0x00,0x00,0x00,0x00,0x02,0x00,0x00,0x00,0x00,
60,Send_Command-Payload_ON ,POWER_ON_PAYLOAD,0,0x20,0xA1,0x04,0x0,0x00,0x00,0x00,0x00,0x31,0x99,,,,,,,
2023-12-18 13:01:00,Send_Command-Payload OFF ,POWER_OFF_PAYLOAD,0,0x20,0xA0,0x04,0x0,0x00,0x00,0x00,0x00,0x89,0xF8,,,,,,,
2023-12-18 13:01:00,Payload OFF In Sunlit
2023-12-18T13:02:00,Send_Command-Nadir_Point,ADCS_ATT_CTL_POINT_NADIR,0,0x10,0xA0,0x13,0x00,0x00,0x00,0x00,0x00,0x00,0x00,0x00,0x02,0x00,0x00,0x00,0x00,
60,Send_Command-Payload_ON ,POWER_ON_PAYLOAD,0,0x20,0xA1,0x04,0x0,0x00,0x00,0x00,0x00,0x31,0x99,,,,,,,
2023-12-18 13:09:00,Send_Command-Payload OFF ,POWER_OFF_PAYLOAD,0,0x20,0xA0,0x04,0x0,0x00,0x00,0x00,0x00,0x89,0xF8,,,,,,,
2023-12-18 13:09:00,Payload OFF In Sunlit
2023-12-18T13:10:00,Send_Command-Nadir_Point,ADCS_ATT_CTL_POINT_NADIR,0,0x10,0xA0,0x13,0x00,0x00,0x00,0x00,0x00,0x00,0x00,0x00,0x02,0x00,0x00,0x00,0x00,
60,Send_Command-Payload_ON ,POWER_ON_PAYLOAD,0,0x20,0xA1,0x04,0x0,0x00,0x00,0x00,0x00,0x31,0x99,,,,,,,
2023-12-18 13:17:00,Send_Command-Payload OFF ,POWER_OFF_PAYLOAD,0,0x20,0xA0,0x04,0x0,0x00,0x00,0x00,0x00,0x89,0xF8,,,,,,,
2023-12-18 13:17:00,Payload OFF In Sunlit
2023-12-18T13:18:00,Send_Command-Nadir_Point,ADCS_ATT_CTL_POINT_NADIR,0,0x10,0xA0,0x13,0x00,0x00,0x00,0x00,0x00,0x00,0x00,0x00,0x02,0x00,0x00,0x00,0x00,
60,Send_Command-Payload_ON ,POWER_ON_PAYLOAD,0,0x20,0xA1,0x04,0x0,0x00,0x00,0x00,0x00,0x31,0x99,,,,,,,
2023-12-18 13:24:00,Send_Command-Payload OFF ,POWER_OFF_PAYLOAD,0,0x20,0xA0,0x04,0x0,0x00,0x00,0x00,0x00,0x89,0xF8,,,,,,,
2023-12-18 13:24:00,Payload OFF In Sunlit
2023-12-18T13:25:00,Send_Command-Nadir_Point,ADCS_ATT_CTL_POINT_NADIR,0,0x10,0xA0,0x13,0x00,0x00,0x00,0x00,0x00,0x00,0x00,0x00,0x02,0x00,0x00,0x00,0x00,
60,Send_Command-Payload_ON ,POWER_ON_PAYLOAD,0,0x20,0xA1,0x04,0x0,0x00,0x00,0x00,0x00,0x31,0x99,,,,,,,
2023-12-18 13:31:00,Send_Command-Payload OFF ,POWER_OFF_PAYLOAD,0,0x20,0xA0,0x04,0x0,0x00,0x00,0x00,0x00,0x89,0xF8,,,,,,,
2023-12-18 13:31:00,Eclipse
2023-12-18 13:48:00,Data Downlink in Eclipse 
2023-12-18 13:57:00,Eclipse
2023-12-18 14:06:00,Payload OFF In Sunlit
2023-12-18T14:12:00,Send_Command-Nadir_Point,ADCS_ATT_CTL_POINT_NADIR,0,0x10,0xA0,0x13,0x00,0x00,0x00,0x00,0x00,0x00,0x00,0x00,0x02,0x00,0x00,0x00,0x00,
60,Send_Command-Payload_ON ,POWER_ON_PAYLOAD,0,0x20,0xA1,0x04,0x0,0x00,0x00,0x00,0x00,0x31,0x99,,,,,,,
2023-12-18 14:18:00,Send_Command-Payload OFF ,POWER_OFF_PAYLOAD,0,0x20,0xA0,0x04,0x0,0x00,0x00,0x00,0x00,0x89,0xF8,,,,,,,
2023-12-18 14:18:00,Payload OFF In Sunlit
2023-12-18T14:19:00,Send_Command-Nadir_Point,ADCS_ATT_CTL_POINT_NADIR,0,0x10,0xA0,0x13,0x00,0x00,0x00,0x00,0x00,0x00,0x00,0x00,0x02,0x00,0x00,0x00,0x00,
60,Send_Command-Payload_ON ,POWER_ON_PAYLOAD,0,0x20,0xA1,0x04,0x0,0x00,0x00,0x00,0x00,0x31,0x99,,,,,,,
2023-12-18 14:26:00,Send_Command-Payload OFF ,POWER_OFF_PAYLOAD,0,0x20,0xA0,0x04,0x0,0x00,0x00,0x00,0x00,0x89,0xF8,,,,,,,
2023-12-18 14:26:00,Payload OFF In Sunlit
2023-12-18T14:27:00,Send_Command-Nadir_Point,ADCS_ATT_CTL_POINT_NADIR,0,0x10,0xA0,0x13,0x00,0x00,0x00,0x00,0x00,0x00,0x00,0x00,0x02,0x00,0x00,0x00,0x00,
60,Send_Command-Payload_ON ,POWER_ON_PAYLOAD,0,0x20,0xA1,0x04,0x0,0x00,0x00,0x00,0x00,0x31,0x99,,,,,,,
2023-12-18 14:33:00,Send_Command-Payload OFF ,POWER_OFF_PAYLOAD,0,0x20,0xA0,0x04,0x0,0x00,0x00,0x00,0x00,0x89,0xF8,,,,,,,
2023-12-18 14:33:00,Payload OFF In Sunlit
2023-12-18T14:34:00,Send_Command-Nadir_Point,ADCS_ATT_CTL_POINT_NADIR,0,0x10,0xA0,0x13,0x00,0x00,0x00,0x00,0x00,0x00,0x00,0x00,0x02,0x00,0x00,0x00,0x00,
60,Send_Command-Payload_ON ,POWER_ON_PAYLOAD,0,0x20,0xA1,0x04,0x0,0x00,0x00,0x00,0x00,0x31,0x99,,,,,,,
2023-12-18 14:41:00,Send_Command-Payload OFF ,POWER_OFF_PAYLOAD,0,0x20,0xA0,0x04,0x0,0x00,0x00,0x00,0x00,0x89,0xF8,,,,,,,
2023-12-18 14:41:00,Payload OFF In Sunlit
2023-12-18T14:42:00,Send_Command-Nadir_Point,ADCS_ATT_CTL_POINT_NADIR,0,0x10,0xA0,0x13,0x00,0x00,0x00,0x00,0x00,0x00,0x00,0x00,0x02,0x00,0x00,0x00,0x00,
60,Send_Command-Payload_ON ,POWER_ON_PAYLOAD,0,0x20,0xA1,0x04,0x0,0x00,0x00,0x00,0x00,0x31,0x99,,,,,,,
2023-12-18 14:49:00,Send_Command-Payload OFF ,POWER_OFF_PAYLOAD,0,0x20,0xA0,0x04,0x0,0x00,0x00,0x00,0x00,0x89,0xF8,,,,,,,
2023-12-18 14:49:00,Payload OFF In Sunlit
2023-12-18T14:50:00,Send_Command-Nadir_Point,ADCS_ATT_CTL_POINT_NADIR,0,0x10,0xA0,0x13,0x00,0x00,0x00,0x00,0x00,0x00,0x00,0x00,0x02,0x00,0x00,0x00,0x00,
60,Send_Command-Payload_ON ,POWER_ON_PAYLOAD,0,0x20,0xA1,0x04,0x0,0x00,0x00,0x00,0x00,0x31,0x99,,,,,,,
2023-12-18 14:56:00,Send_Command-Payload OFF ,POWER_OFF_PAYLOAD,0,0x20,0xA0,0x04,0x0,0x00,0x00,0x00,0x00,0x89,0xF8,,,,,,,
2023-12-18 14:56:00,Payload OFF In Sunlit
2023-12-18T14:57:00,Send_Command-Nadir_Point,ADCS_ATT_CTL_POINT_NADIR,0,0x10,0xA0,0x13,0x00,0x00,0x00,0x00,0x00,0x00,0x00,0x00,0x02,0x00,0x00,0x00,0x00,
60,Send_Command-Payload_ON ,POWER_ON_PAYLOAD,0,0x20,0xA1,0x04,0x0,0x00,0x00,0x00,0x00,0x31,0x99,,,,,,,
2023-12-18 15:04:00,Send_Command-Payload OFF ,POWER_OFF_PAYLOAD,0,0x20,0xA0,0x04,0x0,0x00,0x00,0x00,0x00,0x89,0xF8,,,,,,,
2023-12-18 15:04:00,Payload OFF In Sunlit
2023-12-18T15:05:00,Send_Command-Nadir_Point,ADCS_ATT_CTL_POINT_NADIR,0,0x10,0xA0,0x13,0x00,0x00,0x00,0x00,0x00,0x00,0x00,0x00,0x02,0x00,0x00,0x00,0x00,
60,Send_Command-Payload_ON ,POWER_ON_PAYLOAD,0,0x20,0xA1,0x04,0x0,0x00,0x00,0x00,0x00,0x31,0x99,,,,,,,
2023-12-18 15:07:00,Send_Command-Payload OFF ,POWER_OFF_PAYLOAD,0,0x20,0xA0,0x04,0x0,0x00,0x00,0x00,0x00,0x89,0xF8,,,,,,,
2023-12-18 15:07:00,Eclipse
2023-12-18 15:41:00,Payload OFF In Sunlit
2023-12-18T15:46:00,Send_Command-Nadir_Point,ADCS_ATT_CTL_POINT_NADIR,0,0x10,0xA0,0x13,0x00,0x00,0x00,0x00,0x00,0x00,0x00,0x00,0x02,0x00,0x00,0x00,0x00,
60,Send_Command-Payload_ON ,POWER_ON_PAYLOAD,0,0x20,0xA1,0x04,0x0,0x00,0x00,0x00,0x00,0x31,0x99,,,,,,,
2023-12-18 15:50:00,Send_Command-Payload OFF ,POWER_OFF_PAYLOAD,0,0x20,0xA0,0x04,0x0,0x00,0x00,0x00,0x00,0x89,0xF8,,,,,,,
2023-12-18 15:50:00,Payload OFF In Sunlit
2023-12-18T15:51:00,Send_Command-Nadir_Point,ADCS_ATT_CTL_POINT_NADIR,0,0x10,0xA0,0x13,0x00,0x00,0x00,0x00,0x00,0x00,0x00,0x00,0x02,0x00,0x00,0x00,0x00,
60,Send_Command-Payload_ON ,POWER_ON_PAYLOAD,0,0x20,0xA1,0x04,0x0,0x00,0x00,0x00,0x00,0x31,0x99,,,,,,,
2023-12-18 15:58:00,Send_Command-Payload OFF ,POWER_OFF_PAYLOAD,0,0x20,0xA0,0x04,0x0,0x00,0x00,0x00,0x00,0x89,0xF8,,,,,,,
2023-12-18 15:58:00,Payload OFF In Sunlit
2023-12-18T15:59:00,Send_Command-Nadir_Point,ADCS_ATT_CTL_POINT_NADIR,0,0x10,0xA0,0x13,0x00,0x00,0x00,0x00,0x00,0x00,0x00,0x00,0x02,0x00,0x00,0x00,0x00,
60,Send_Command-Payload_ON ,POWER_ON_PAYLOAD,0,0x20,0xA1,0x04,0x0,0x00,0x00,0x00,0x00,0x31,0x99,,,,,,,
2023-12-18 16:05:00,Send_Command-Payload OFF ,POWER_OFF_PAYLOAD,0,0x20,0xA0,0x04,0x0,0x00,0x00,0x00,0x00,0x89,0xF8,,,,,,,
2023-12-18 16:05:00,Payload OFF In Sunlit
2023-12-18T16:06:00,Send_Command-Nadir_Point,ADCS_ATT_CTL_POINT_NADIR,0,0x10,0xA0,0x13,0x00,0x00,0x00,0x00,0x00,0x00,0x00,0x00,0x02,0x00,0x00,0x00,0x00,
60,Send_Command-Payload_ON ,POWER_ON_PAYLOAD,0,0x20,0xA1,0x04,0x0,0x00,0x00,0x00,0x00,0x31,0x99,,,,,,,
2023-12-18 16:13:00,Send_Command-Payload OFF ,POWER_OFF_PAYLOAD,0,0x20,0xA0,0x04,0x0,0x00,0x00,0x00,0x00,0x89,0xF8,,,,,,,
2023-12-18 16:13:00,Payload OFF In Sunlit
2023-12-18T16:14:00,Send_Command-Nadir_Point,ADCS_ATT_CTL_POINT_NADIR,0,0x10,0xA0,0x13,0x00,0x00,0x00,0x00,0x00,0x00,0x00,0x00,0x02,0x00,0x00,0x00,0x00,
60,Send_Command-Payload_ON ,POWER_ON_PAYLOAD,0,0x20,0xA1,0x04,0x0,0x00,0x00,0x00,0x00,0x31,0x99,,,,,,,
2023-12-18 16:21:00,Send_Command-Payload OFF ,POWER_OFF_PAYLOAD,0,0x20,0xA0,0x04,0x0,0x00,0x00,0x00,0x00,0x89,0xF8,,,,,,,
2023-12-18 16:21:00,Payload OFF In Sunlit
2023-12-18T16:22:00,Send_Command-Nadir_Point,ADCS_ATT_CTL_POINT_NADIR,0,0x10,0xA0,0x13,0x00,0x00,0x00,0x00,0x00,0x00,0x00,0x00,0x02,0x00,0x00,0x00,0x00,
60,Send_Command-Payload_ON ,POWER_ON_PAYLOAD,0,0x20,0xA1,0x04,0x0,0x00,0x00,0x00,0x00,0x31,0x99,,,,,,,
2023-12-18 16:28:00,Send_Command-Payload OFF ,POWER_OFF_PAYLOAD,0,0x20,0xA0,0x04,0x0,0x00,0x00,0x00,0x00,0x89,0xF8,,,,,,,
2023-12-18 16:28:00,Payload OFF In Sunlit
2023-12-18T16:29:00,Send_Command-Nadir_Point,ADCS_ATT_CTL_POINT_NADIR,0,0x10,0xA0,0x13,0x00,0x00,0x00,0x00,0x00,0x00,0x00,0x00,0x02,0x00,0x00,0x00,0x00,
60,Send_Command-Payload_ON ,POWER_ON_PAYLOAD,0,0x20,0xA1,0x04,0x0,0x00,0x00,0x00,0x00,0x31,0x99,,,,,,,
2023-12-18 16:36:00,Send_Command-Payload OFF ,POWER_OFF_PAYLOAD,0,0x20,0xA0,0x04,0x0,0x00,0x00,0x00,0x00,0x89,0xF8,,,,,,,
2023-12-18 16:36:00,Payload OFF In Sunlit
2023-12-18T16:37:00,Send_Command-Nadir_Point,ADCS_ATT_CTL_POINT_NADIR,0,0x10,0xA0,0x13,0x00,0x00,0x00,0x00,0x00,0x00,0x00,0x00,0x02,0x00,0x00,0x00,0x00,
60,Send_Command-Payload_ON ,POWER_ON_PAYLOAD,0,0x20,0xA1,0x04,0x0,0x00,0x00,0x00,0x00,0x31,0x99,,,,,,,
2023-12-18 16:42:00,Send_Command-Payload OFF ,POWER_OFF_PAYLOAD,0,0x20,0xA0,0x04,0x0,0x00,0x00,0x00,0x00,0x89,0xF8,,,,,,,
2023-12-18 16:42:00,Eclipse
2023-12-18 16:52:00,Data Downlink in Eclipse 
2023-12-18 17:01:00,Eclipse
2023-12-18 17:16:00,Payload OFF In Sunlit
2023-12-18T17:21:00,Send_Command-Nadir_Point,ADCS_ATT_CTL_POINT_NADIR,0,0x10,0xA0,0x13,0x00,0x00,0x00,0x00,0x00,0x00,0x00,0x00,0x02,0x00,0x00,0x00,0x00,
60,Send_Command-Payload_ON ,POWER_ON_PAYLOAD,0,0x20,0xA1,0x04,0x0,0x00,0x00,0x00,0x00,0x31,0x99,,,,,,,
2023-12-18 17:22:00,Send_Command-Payload OFF ,POWER_OFF_PAYLOAD,0,0x20,0xA0,0x04,0x0,0x00,0x00,0x00,0x00,0x89,0xF8,,,,,,,
2023-12-18 17:22:00,Payload OFF In Sunlit
2023-12-18T17:23:00,Send_Command-Nadir_Point,ADCS_ATT_CTL_POINT_NADIR,0,0x10,0xA0,0x13,0x00,0x00,0x00,0x00,0x00,0x00,0x00,0x00,0x02,0x00,0x00,0x00,0x00,
60,Send_Command-Payload_ON ,POWER_ON_PAYLOAD,0,0x20,0xA1,0x04,0x0,0x00,0x00,0x00,0x00,0x31,0x99,,,,,,,
2023-12-18 17:30:00,Send_Command-Payload OFF ,POWER_OFF_PAYLOAD,0,0x20,0xA0,0x04,0x0,0x00,0x00,0x00,0x00,0x89,0xF8,,,,,,,
2023-12-18 17:30:00,Payload OFF In Sunlit
2023-12-18T17:31:00,Send_Command-Nadir_Point,ADCS_ATT_CTL_POINT_NADIR,0,0x10,0xA0,0x13,0x00,0x00,0x00,0x00,0x00,0x00,0x00,0x00,0x02,0x00,0x00,0x00,0x00,
60,Send_Command-Payload_ON ,POWER_ON_PAYLOAD,0,0x20,0xA1,0x04,0x0,0x00,0x00,0x00,0x00,0x31,0x99,,,,,,,
2023-12-18 17:37:00,Send_Command-Payload OFF ,POWER_OFF_PAYLOAD,0,0x20,0xA0,0x04,0x0,0x00,0x00,0x00,0x00,0x89,0xF8,,,,,,,
2023-12-18 17:37:00,Payload OFF In Sunlit
2023-12-18T17:38:00,Send_Command-Nadir_Point,ADCS_ATT_CTL_POINT_NADIR,0,0x10,0xA0,0x13,0x00,0x00,0x00,0x00,0x00,0x00,0x00,0x00,0x02,0x00,0x00,0x00,0x00,
60,Send_Command-Payload_ON ,POWER_ON_PAYLOAD,0,0x20,0xA1,0x04,0x0,0x00,0x00,0x00,0x00,0x31,0x99,,,,,,,
2023-12-18 17:45:00,Send_Command-Payload OFF ,POWER_OFF_PAYLOAD,0,0x20,0xA0,0x04,0x0,0x00,0x00,0x00,0x00,0x89,0xF8,,,,,,,
2023-12-18 17:45:00,Payload OFF In Sunlit
2023-12-18T17:46:00,Send_Command-Nadir_Point,ADCS_ATT_CTL_POINT_NADIR,0,0x10,0xA0,0x13,0x00,0x00,0x00,0x00,0x00,0x00,0x00,0x00,0x02,0x00,0x00,0x00,0x00,
60,Send_Command-Payload_ON ,POWER_ON_PAYLOAD,0,0x20,0xA1,0x04,0x0,0x00,0x00,0x00,0x00,0x31,0x99,,,,,,,
2023-12-18 17:53:00,Send_Command-Payload OFF ,POWER_OFF_PAYLOAD,0,0x20,0xA0,0x04,0x0,0x00,0x00,0x00,0x00,0x89,0xF8,,,,,,,
2023-12-18 17:53:00,Payload OFF In Sunlit
2023-12-18T17:54:00,Send_Command-Nadir_Point,ADCS_ATT_CTL_POINT_NADIR,0,0x10,0xA0,0x13,0x00,0x00,0x00,0x00,0x00,0x00,0x00,0x00,0x02,0x00,0x00,0x00,0x00,
60,Send_Command-Payload_ON ,POWER_ON_PAYLOAD,0,0x20,0xA1,0x04,0x0,0x00,0x00,0x00,0x00,0x31,0x99,,,,,,,
2023-12-18 18:00:00,Send_Command-Payload OFF ,POWER_OFF_PAYLOAD,0,0x20,0xA0,0x04,0x0,0x00,0x00,0x00,0x00,0x89,0xF8,,,,,,,
2023-12-18 18:00:00,Payload OFF In Sunlit
2023-12-18T18:01:00,Send_Command-Nadir_Point,ADCS_ATT_CTL_POINT_NADIR,0,0x10,0xA0,0x13,0x00,0x00,0x00,0x00,0x00,0x00,0x00,0x00,0x02,0x00,0x00,0x00,0x00,
60,Send_Command-Payload_ON ,POWER_ON_PAYLOAD,0,0x20,0xA1,0x04,0x0,0x00,0x00,0x00,0x00,0x31,0x99,,,,,,,
2023-12-18 18:08:00,Send_Command-Payload OFF ,POWER_OFF_PAYLOAD,0,0x20,0xA0,0x04,0x0,0x00,0x00,0x00,0x00,0x89,0xF8,,,,,,,
2023-12-18 18:08:00,Payload OFF In Sunlit
2023-12-18T18:09:00,Send_Command-Nadir_Point,ADCS_ATT_CTL_POINT_NADIR,0,0x10,0xA0,0x13,0x00,0x00,0x00,0x00,0x00,0x00,0x00,0x00,0x02,0x00,0x00,0x00,0x00,
60,Send_Command-Payload_ON ,POWER_ON_PAYLOAD,0,0x20,0xA1,0x04,0x0,0x00,0x00,0x00,0x00,0x31,0x99,,,,,,,
2023-12-18 18:16:00,Send_Command-Payload OFF ,POWER_OFF_PAYLOAD,0,0x20,0xA0,0x04,0x0,0x00,0x00,0x00,0x00,0x89,0xF8,,,,,,,
2023-12-18 18:16:00,Payload OFF In Sunlit
2023-12-18 18:17:00,Eclipse
2023-12-18 18:52:00,Payload OFF In Sunlit
2023-12-18T18:57:00,Send_Command-Nadir_Point,ADCS_ATT_CTL_POINT_NADIR,0,0x10,0xA0,0x13,0x00,0x00,0x00,0x00,0x00,0x00,0x00,0x00,0x02,0x00,0x00,0x00,0x00,
60,Send_Command-Payload_ON ,POWER_ON_PAYLOAD,0,0x20,0xA1,0x04,0x0,0x00,0x00,0x00,0x00,0x31,0x99,,,,,,,
2023-12-18 19:02:00,Send_Command-Payload OFF ,POWER_OFF_PAYLOAD,0,0x20,0xA0,0x04,0x0,0x00,0x00,0x00,0x00,0x89,0xF8,,,,,,,
2023-12-18 19:02:00,Payload OFF In Sunlit
2023-12-18T19:03:00,Send_Command-Nadir_Point,ADCS_ATT_CTL_POINT_NADIR,0,0x10,0xA0,0x13,0x00,0x00,0x00,0x00,0x00,0x00,0x00,0x00,0x02,0x00,0x00,0x00,0x00,
60,Send_Command-Payload_ON ,POWER_ON_PAYLOAD,0,0x20,0xA1,0x04,0x0,0x00,0x00,0x00,0x00,0x31,0x99,,,,,,,
2023-12-18 19:09:00,Send_Command-Payload OFF ,POWER_OFF_PAYLOAD,0,0x20,0xA0,0x04,0x0,0x00,0x00,0x00,0x00,0x89,0xF8,,,,,,,
2023-12-18 19:09:00,Payload OFF In Sunlit
2023-12-18T19:10:00,Send_Command-Nadir_Point,ADCS_ATT_CTL_POINT_NADIR,0,0x10,0xA0,0x13,0x00,0x00,0x00,0x00,0x00,0x00,0x00,0x00,0x02,0x00,0x00,0x00,0x00,
60,Send_Command-Payload_ON ,POWER_ON_PAYLOAD,0,0x20,0xA1,0x04,0x0,0x00,0x00,0x00,0x00,0x31,0x99,,,,,,,
2023-12-18 19:17:00,Send_Command-Payload OFF ,POWER_OFF_PAYLOAD,0,0x20,0xA0,0x04,0x0,0x00,0x00,0x00,0x00,0x89,0xF8,,,,,,,
2023-12-18 19:17:00,Payload OFF In Sunlit
2023-12-18T19:18:00,Send_Command-Nadir_Point,ADCS_ATT_CTL_POINT_NADIR,0,0x10,0xA0,0x13,0x00,0x00,0x00,0x00,0x00,0x00,0x00,0x00,0x02,0x00,0x00,0x00,0x00,
60,Send_Command-Payload_ON ,POWER_ON_PAYLOAD,0,0x20,0xA1,0x04,0x0,0x00,0x00,0x00,0x00,0x31,0x99,,,,,,,
2023-12-18 19:25:00,Send_Command-Payload OFF ,POWER_OFF_PAYLOAD,0,0x20,0xA0,0x04,0x0,0x00,0x00,0x00,0x00,0x89,0xF8,,,,,,,
2023-12-18 19:25:00,Payload OFF In Sunlit
2023-12-18T19:26:00,Send_Command-Nadir_Point,ADCS_ATT_CTL_POINT_NADIR,0,0x10,0xA0,0x13,0x00,0x00,0x00,0x00,0x00,0x00,0x00,0x00,0x02,0x00,0x00,0x00,0x00,
60,Send_Command-Payload_ON ,POWER_ON_PAYLOAD,0,0x20,0xA1,0x04,0x0,0x00,0x00,0x00,0x00,0x31,0x99,,,,,,,
2023-12-18 19:32:00,Send_Command-Payload OFF ,POWER_OFF_PAYLOAD,0,0x20,0xA0,0x04,0x0,0x00,0x00,0x00,0x00,0x89,0xF8,,,,,,,
2023-12-18 19:32:00,Payload OFF In Sunlit
2023-12-18T19:33:00,Send_Command-Nadir_Point,ADCS_ATT_CTL_POINT_NADIR,0,0x10,0xA0,0x13,0x00,0x00,0x00,0x00,0x00,0x00,0x00,0x00,0x02,0x00,0x00,0x00,0x00,
60,Send_Command-Payload_ON ,POWER_ON_PAYLOAD,0,0x20,0xA1,0x04,0x0,0x00,0x00,0x00,0x00,0x31,0x99,,,,,,,
2023-12-18 19:40:00,Send_Command-Payload OFF ,POWER_OFF_PAYLOAD,0,0x20,0xA0,0x04,0x0,0x00,0x00,0x00,0x00,0x89,0xF8,,,,,,,
2023-12-18 19:40:00,Payload OFF In Sunlit
2023-12-18T19:41:00,Send_Command-Nadir_Point,ADCS_ATT_CTL_POINT_NADIR,0,0x10,0xA0,0x13,0x00,0x00,0x00,0x00,0x00,0x00,0x00,0x00,0x02,0x00,0x00,0x00,0x00,
60,Send_Command-Payload_ON ,POWER_ON_PAYLOAD,0,0x20,0xA1,0x04,0x0,0x00,0x00,0x00,0x00,0x31,0x99,,,,,,,
2023-12-18 19:48:00,Send_Command-Payload OFF ,POWER_OFF_PAYLOAD,0,0x20,0xA0,0x04,0x0,0x00,0x00,0x00,0x00,0x89,0xF8,,,,,,,
2023-12-18 19:48:00,Payload OFF In Sunlit
2023-12-18T19:49:00,Send_Command-Nadir_Point,ADCS_ATT_CTL_POINT_NADIR,0,0x10,0xA0,0x13,0x00,0x00,0x00,0x00,0x00,0x00,0x00,0x00,0x02,0x00,0x00,0x00,0x00,
60,Send_Command-Payload_ON ,POWER_ON_PAYLOAD,0,0x20,0xA1,0x04,0x0,0x00,0x00,0x00,0x00,0x31,0x99,,,,,,,
2023-12-18 19:52:00,Send_Command-Payload OFF ,POWER_OFF_PAYLOAD,0,0x20,0xA0,0x04,0x0,0x00,0x00,0x00,0x00,0x89,0xF8,,,,,,,
2023-12-18 19:52:00,Eclipse
